project_url,title,end_date
https://camp-fire.jp/projects/955763,実写ADV『シブヤスクランブルストーリーズ』 開発参加型クラウドファンディング,2026-07-30
https://camp-fire.jp/projects/948718,【移転をみなさんと一緒に】三陸×盛岡を結ぶ「ただいま」が言える店を、この先も。,2026-08-19
https://camp-fire.jp/projects/956996,「ラジオの中のオフ会」を、もう一度。FM大阪『おふらじ！EX』 復活プロジェクト,2026-08-12
https://camp-fire.jp/projects/938789,FunOutbreak Lv.4 〜アウトドア×フード×チャリティーのイベント,2026-07-29
https://camp-fire.jp/projects/946985,虫が嫌がるデバイス≪最終形態≫５万Hzまで網羅した知覚アプローチ！超小型虫バリア,2026-07-11
https://camp-fire.jp/projects/939045,【福岡・博多にタマリバを創る】朝から食べられるタコス店HAKATACOSを開業！,2026-07-30
https://camp-fire.jp/projects/899212,Elegant︎なうす紫色が煌めく︎！のっき香水プロジェクト,2026-08-01
https://camp-fire.jp/projects/932844,10年分、全部解禁。 これが、WAGYUMAFIAのすべてだ。,2026-07-30
https://camp-fire.jp/projects/941945,5周年の挑戦！物価高の壁を越え、1万人にお誕生日ケーキを届けたい #シェアケーキ,2026-08-06
https://camp-fire.jp/projects/947260,【医師監修ハリ】15分で首・肩・睡眠の悩みに。特許出願中の日本人専用ハリマット,2026-08-29
https://camp-fire.jp/projects/956315,夏休みの歌舞伎町と大阪ミナミで、孤独や不安を抱えた若者の命を繋ぎたい,2026-07-14
https://camp-fire.jp/projects/947613,【日立市発】ドローン映像で描く、海と山に挟まれた街『日立の魅力』を短編映画に！,2026-07-30
https://camp-fire.jp/projects/945102,長岡フェニックス花火｜復興を超えたエール。暗い世を照らす大輪の灯を届けたい,2026-07-14
https://camp-fire.jp/projects/948495,クーロンズゲートSuzaku Nintendo Switch版限定パッケージ再販,2026-07-16
https://camp-fire.jp/projects/961508,トルコ首都「アンカラ城」に日本文化センターを設立するプロジェクト,2026-08-30
https://camp-fire.jp/projects/941714,日蘭交流の記憶――川原慶賀筆「ブロムホフ家族図」修復プロジェクト,2026-08-30
https://camp-fire.jp/projects/951732,国産無添加を守りたい。壊れた機械を再建し日本の未来の食をつなげたい。,2026-07-07
https://camp-fire.jp/projects/959945,自分らしく生きていい。絵本「はなとハチドリ」を出版しLGBTQ＋の若者に届けたい,2026-08-08
https://camp-fire.jp/projects/932725,香川産キウイをキウイキューピー︎︎で全国へPR！,2026-07-30
https://camp-fire.jp/projects/960887,父が守った西葛西の店を未来へ。娘が挑む「CalCal」再生プロジェクト！,2026-08-15
https://camp-fire.jp/projects/944437,愛媛｜消えた地酒文化をもう一度。築150年の古民家から始まるここだけのクラフト酒,2026-08-06
https://camp-fire.jp/projects/912590,小さな森に、帰ってこられる場所を。Kuu Retreatに「食の場」をつくりたい,2026-07-30
https://camp-fire.jp/projects/923013,WL12万超！メカアクション『OMEGA PHENEX』を最高の品質で届けたい,2026-07-22
https://camp-fire.jp/projects/961976,吉川茉優　芸能界引退に向けて最後のCDアルバムを制作したい,2026-08-03
https://camp-fire.jp/projects/942016,日本初・アジア初！つくばで開催する #フットバッグ 世界大会を盛り上げたい！,2026-07-30
https://camp-fire.jp/projects/956191,【柾花音】まだ届けたい音楽がある！EP制作＆ワンマンライブプロジェクト,2026-08-28
https://camp-fire.jp/projects/954116,山森農園再生プロジェクト 〜祖母の白干し梅を、次の世代へ〜,2026-08-30
https://camp-fire.jp/projects/938723,母校150周年、地域と卒業生の想いをつなぐ記念事業,2026-09-10
https://camp-fire.jp/projects/955031,【30gの超軽量】その小ささ、想像以上。指先サイズの超小型メタルカメラ,2026-08-30
https://camp-fire.jp/projects/955058,【世界遺産・韮山反射炉に再び賑わいを】ビールとサンバで挑むイベントを開催したい！,2026-07-30
https://camp-fire.jp/projects/947879,1000人動員プロジェクト。滋賀のハンドボールの未来をつくりたい！,2026-07-05
https://camp-fire.jp/projects/922769,【全曲書き下ろし！】大好きな作曲者さんとみんなで作る「小東ひとな1stアルバム」,2026-07-05
https://camp-fire.jp/projects/943284,311以来ストップした日光のキャンプ場の再生。AI時代の子ども達に自然の原体験を,2026-08-14
https://camp-fire.jp/projects/912336,福岡県立筑紫丘高等学校ラグビー部、80年目の「未来への挑戦」,2026-07-17
https://camp-fire.jp/projects/952124,【日本初・モンテッソーリスポーツ】運動は“自分を育てる時間”になる！,2026-07-30
https://camp-fire.jp/projects/955945,のんふぃく！【水瀬ぴあの】生誕祭応援プロジェクト,2026-07-20
https://camp-fire.jp/projects/946538,圧倒的保冷力12倍！高伝導合金製の保冷剤【モンスター保冷】低温計測試験済！超持続,2026-07-14
https://camp-fire.jp/projects/957206,創業50年、受け継がれたフルレングスボロンロッド製造技術を世界へ！,2026-09-16
https://camp-fire.jp/projects/959418,なぎさ with くるみ＆しずく 新衣装Ver. ぬいぐるみ化プロジェクト,2026-07-12
https://camp-fire.jp/projects/959267,エピックフォークメタル初海外公演に挑戦！ジャパニーズカルチャーをドイツへ！,2026-08-30
https://camp-fire.jp/projects/943374,【STARRY×NIGHT︎】恋文あゆ生誕祭応援プロジェクト,2026-08-26
https://camp-fire.jp/projects/927553,秋田・木都能代発―秋田杉香水から紡ぐ「人の暮らしと文化に出会う心地よい観光」,2026-07-03
https://camp-fire.jp/projects/949874,瀬戸内みかん農家カフェ「笑顔の実家」の創設支援,2026-07-30
https://camp-fire.jp/projects/951872,ついに登場...！Nullぬいぐるみ化プロジェクト！,2026-07-25
https://camp-fire.jp/projects/876780,【鈴鹿8耐クラス優勝へ】トップ走行中の転倒から1年。Kaedear、2年目の挑戦,2026-07-09
https://camp-fire.jp/projects/920933,イタリアで醸すSAKE！ 北イタリア・ピエモンテ州に念願の酒蔵立ち上げ!,2026-07-04
https://camp-fire.jp/projects/940720,フェス・ゴジラ応援企画｜「バーニングミレニアムゴジラ」スーツ制作プロジェクト,2026-08-15
https://camp-fire.jp/projects/959119,2026年7月4日に白方美羽生誕祭を開催させていただきます。,2026-07-02
https://camp-fire.jp/projects/942033,館山の祭りを未来へつなぐ。祭りのパワーで、もっと笑顔に！,2026-07-14
https://camp-fire.jp/projects/930862,動物園学会始動プロジェクト―理論と実践をつなぐ新たな基盤へ―,2026-07-15
https://camp-fire.jp/projects/952674,LADYBABY【來崎せな】生誕祭応援プロジェクト,2026-07-04
https://camp-fire.jp/projects/935160,ツーリング天国・信州に仲間と愛車と泊まれる宿を創りたい！,2026-07-25
https://camp-fire.jp/projects/936613,【栗東・神馬プロジェクト】神社に馬を迎え子どもとふれあう場を！,2026-07-05
https://camp-fire.jp/projects/962909,Pastel Closet【雛城ののか】生誕祭応援プロジェクト,2026-07-28
https://camp-fire.jp/projects/911265,300年続く越ヶ谷秋まつりを、100年先の子どもたちへ。,2026-08-30
https://camp-fire.jp/projects/933807,『旧美濃半薬局』を みんなの居場所として 未来へ残したい！【古民家再生・活用】,2026-08-30
https://camp-fire.jp/projects/962229,【2026松江水郷祭】未来につなげたい！【8月1日・2日】,2026-07-21
https://camp-fire.jp/projects/949286,第110回記念足利花火大会支援プロジェクト！,2026-07-20
https://camp-fire.jp/projects/959014,史上最小型＆最強冷風【冷却-19.6℃！199段階ジェットファン】夏でも瞬間冷却,2026-07-30
https://camp-fire.jp/projects/961938,【100台限定】Apple Watchをバンドで充電！USB-C次世代充電バンド,2026-07-30
https://camp-fire.jp/projects/944472,大樹町発「ピザの奴隷」奇跡の5000枚完売伝説を東京で開花させたい！,2026-07-30
https://camp-fire.jp/projects/957275,主婦70人の挑戦！全国の主婦に『自分らしい働き方』のきっかけを届けたい！,2026-07-30
https://camp-fire.jp/projects/930280,消えゆく茅葺きを、もう一度未来へ,2026-07-04
https://camp-fire.jp/projects/936838,世界約60億台のネットワークのiPhone/Android両対応スマートタグ,2026-08-30
https://camp-fire.jp/projects/952453,これが最後のお願いです！保護犬猫の譲渡会場プロジェクト！,2026-07-30
https://camp-fire.jp/projects/949194,日本の少子化対策へ“まず会う”を増やす新婚活サービス「まずあう」を全国へ広げたい,2026-08-30
https://camp-fire.jp/projects/942111,愛媛県ジンついに完成！温州みかんを使用したクラフトジンをいち早くお届けします,2026-07-18
https://camp-fire.jp/projects/959707,浅虫の火を燃やし続ける！みんなで作る、浅虫温泉花火大会を今年も開催したい！,2026-08-13
https://camp-fire.jp/projects/947538,「孫たちよ、音を継げ。」 〜亡き祖父から受け継いだ沖縄民謡を、一枚のCDに〜,2026-07-04
https://camp-fire.jp/projects/945913,生食認可店！生肉と赤身に絶対のこだわり！大阪天満の焼肉たかしまで楽しいお食事を！,2026-07-30
https://camp-fire.jp/projects/954779,ひざ、腰、痛みをラクにして一生歩く！ 理学療法士監修。一生モノの運動習慣本出版へ,2026-07-30
https://camp-fire.jp/projects/869250,【北陸アルミ】伝説の無水鍋×特注ザル！極上の香りを放つ究極のビリヤニ鍋セット,2026-07-30
https://camp-fire.jp/projects/952450,カラビナ・巻取ケーブル・アップルウォッチ充電が一体化した究極のモバイルバッテリー,2026-07-06
https://camp-fire.jp/projects/947647,児童養護施設改築前に子どもたちと思い出作りのアートプロジェクトをしたい！,2026-07-30
https://camp-fire.jp/projects/959411,2年ぶりの栄冠へ！4年連続全国出場の名門が挑む、北海道少年野球の未来を変えたい！,2026-07-30
https://camp-fire.jp/projects/952943,チペターン「マーモットラグ」化プロジェクト！,2026-07-04
https://camp-fire.jp/projects/923731,【無料チャリティフェス再起動】滋賀“セブザバ”の灯を未来へ！,2026-07-02
https://camp-fire.jp/projects/958000,全国の若者が富山で「人生の神回」を刻む未来へ。初回合宿「カラフル」を開催したい！,2026-08-03
https://camp-fire.jp/projects/936867,【おむすび満】ゆめぴりかの里で空き家を改装し再始動！おむすびで町を元気にしたい！,2026-07-30
https://camp-fire.jp/projects/927998,心豊かな自分時間をくれるイタリア美軸と伝統職人の手仕事未来へ継承する！,2026-07-30
https://camp-fire.jp/projects/912891,もふもふフードがたまらない♪琥珀ねねぬいぐるみ化プロジェクト,2026-07-11
https://camp-fire.jp/projects/937124,『街山みほの裸身を、新作写真集で..』引退を考えた私が、もう一度だけ挑戦します。,2026-08-01
https://camp-fire.jp/projects/962081,北海道から高知へ！全国出場の夢を掴んだ北光ファイターズを応援してください！,2026-07-27
https://camp-fire.jp/projects/932911,青森開港400年、港とともに歩む青森市の歴史を未来へつなぐプロジェクト,2026-08-13
https://camp-fire.jp/projects/958305,【世界選手権に挑戦】世界大会で救助犬の必要性を広め支援の輪を拓く,2026-08-30
https://camp-fire.jp/projects/960516,2026年7月19日梅田BANGBOOにて伊倉すい生誕祭を開催させていただきます,2026-07-17
https://camp-fire.jp/projects/934687,お寺の娘が日本人初の世界グランプリを目指す中学生の物語,2026-07-06
https://camp-fire.jp/projects/941253,ＡＩめがね１本リアルタイム翻訳！見て話して操作！音楽・通話・撮影・解説すべて完結,2026-07-30
https://camp-fire.jp/projects/960952,【高校女子サッカーの頂点へ】十文字高校インターハイ2026日本一挑戦プロジェクト,2026-08-30
https://camp-fire.jp/projects/940111,北海道の大自然とアイヌの知恵を活かした教育・療育活動拠点をつくりたい！,2026-09-15
https://camp-fire.jp/projects/958996,徳島から世界へ！子どもたちの未来を変えるロボットフェスを届けたい,2026-07-14
https://camp-fire.jp/projects/959445,名古屋で毎日開催、イマーシブシアターの常設施設をオープン！,2026-08-30
https://camp-fire.jp/projects/945844,日本近代製靴の祖・西村勝三創設【桜組製靴】商標復刻ロゴ入りシューズを作りたい！,2026-08-20
https://camp-fire.jp/projects/944677,【減税TV２周年！】減税を広めるYouTube番組をさらに成長させたい！,2026-07-30
https://camp-fire.jp/projects/939104,女子野球に夢を！神奈川県女子学童野球選抜『YAMAYURI』の遠征費を支援したい,2026-08-20
https://camp-fire.jp/projects/962175,【全国大会へ挑戦】3年生3人の中学野球 清瀬球友会、奇跡の夏を愛知で！,2026-08-14
https://camp-fire.jp/projects/934438,深く眠れる【ヤバイ】ベッドフレームをみなさんに,2026-08-30
https://camp-fire.jp/projects/958169,"【継続開催決定】累計1,000万支援/2026年版・動物病院の犬ポスター",2026-07-22
https://camp-fire.jp/projects/912845,【赤羽小150周年】赤羽小学校と街の発展を支える絆づくりプロジェクト,2026-07-02
https://camp-fire.jp/projects/958819,車のガラスの汚れの根源を掻き取り、拭きムラなく一気にクリアな視界へ！,2026-08-15
https://camp-fire.jp/projects/961993,マイナーガール【美羽ゆん生誕祭2026 】応援プロジェクト,2026-07-17
https://camp-fire.jp/projects/956928,ナナコロビヤオキ【水田茉莉】生誕祭応援プロジェクト,2026-07-26
https://camp-fire.jp/projects/948124,学歴や職歴に次ぐ“第3の指標”を、社会の新しい基準にする挑戦,2026-08-08
https://camp-fire.jp/projects/944155,ドキュメンタリー映画『みなまたの木から受け継いだバトン』全国上映支援のお願い,2026-08-29
https://camp-fire.jp/projects/952336,【存続の危機】雪害、米価暴落、物価高の三重苦を乗り越え、魚沼の米作りを守りたい！,2026-08-14
https://camp-fire.jp/projects/958388,コスパ最強リカバリーウェアの量産体制を整えたい。,2026-08-23
https://camp-fire.jp/projects/953861,おふとんですやすや♪ばすぴすティッシュケース化プロジェクト！,2026-07-10
https://camp-fire.jp/projects/961245,ばあちゃん喫茶を、未来の社会福祉インフラへ。全国47都道府県へ！,2026-08-23
https://camp-fire.jp/projects/932265,【沼津】ひものん生誕10周年！みんなの力で可愛くお色直し,2026-08-13
https://camp-fire.jp/projects/957841,iON!【鈴都りせ】生誕祭応援プロジェクト,2026-08-09
https://camp-fire.jp/projects/938707,『かわいいキメラ』ぐにょちゃんクッション&ブランケットプロジェクト,2026-07-03
https://camp-fire.jp/projects/943764,自主制作アニメ「インコカラーズmini」の制作費支援プロジェクト,2026-08-29
https://camp-fire.jp/projects/962152,【会津発】100万円で高校生探究の“最初の一歩”を支えたい「100探」,2026-08-29
https://camp-fire.jp/projects/958864,【長浜少年野球団】大分県の野球少年たちを全国大会へ！,2026-08-05
https://camp-fire.jp/projects/952101,1985年の「将軍」プラティニのシグネチャーモデルのスパイクが日本製で蘇る,2026-07-13
https://camp-fire.jp/projects/928993,白州・甲斐駒の恵みを生かす！麹づくり、味噌づくりを次代に繋ぐプロジェクト,2026-07-22
https://camp-fire.jp/projects/940288,珈琲・紅茶のプロが推す、鮮度を守る優れた真空キャニスターをご紹介,2026-08-29
https://camp-fire.jp/projects/944653,出版記念特別感謝祭を開催！子どもの可能性をさらに引き出す本、啓発プロジェクト！,2026-08-24
https://camp-fire.jp/projects/919907,劇団「響人」本公演、再始動。 その第一歩を、あなたと一緒に踏み出したい。,2026-07-29
https://camp-fire.jp/projects/935082,MIRUIプロジェクトVOL.52｜本屋を取り戻す。地域の文化拠点と店長の挑戦,2026-09-18
https://camp-fire.jp/projects/944860,銀座で30分寝るだけ、全身美白エステ専門店OPEN！新感覚の技術を体験せよ。,2026-07-29
https://camp-fire.jp/projects/959651,一緒にお祝いしよう！『口の悪いうさちゃん』10周年記念BOXプロジェクト,2026-07-31
https://camp-fire.jp/projects/956085,旅も日常も気軽に残せる4K Vlogカメラ【AUSEK POCKET】,2026-08-29
https://camp-fire.jp/projects/938050,Uターンして故郷小樽に蒸留所をつくりたい。日本初！お寺の地下でつくるクラフトジン,2026-08-14
https://camp-fire.jp/projects/952071,【武蔵野美術大学】本物の美術体験を全国へ。「旅するムサビプロジェクト」,2026-08-28
https://camp-fire.jp/projects/958118,【創業100周年】北海道ニセコメロンを全国へ！次の100年への高橋農園の挑戦,2026-07-29
https://camp-fire.jp/projects/947991,“止まらない挑戦”2人で再始動！前田兄弟・映像とライブで未来を変える,2026-07-15
https://camp-fire.jp/projects/953228,京都北部の魅力を未来へ残したい！,2026-08-16
https://camp-fire.jp/projects/945947,8月のアートイベントに先駆け、準備資金+原画先行販売+応援を募ります！,2026-08-04
https://camp-fire.jp/projects/960236,人生は、何歳からでも再編集できる 〜新しい一歩を踏み出したい女性へ～,2026-09-14
https://camp-fire.jp/projects/952662,"【元ハウスメーカー営業16年】後悔しない家づくり""施主力""の教科書を届けたい",2026-07-29
https://camp-fire.jp/projects/931624,春は、必ず来る。がんを経験した母が届ける命を守るためのドラマMVプロジェクト,2026-07-29
https://camp-fire.jp/projects/948479,インドネシアの子どもたちを笑顔にするための学生の本気の挑戦,2026-07-17
https://camp-fire.jp/projects/952665,厳しい時代だからこそ挑戦したい。西条市にパーマネントジュエリー専門店をつくります,2026-07-29
https://camp-fire.jp/projects/963370,ラストシーン【古賀みれい】生誕祭応援プロジェクト,2026-07-31
https://camp-fire.jp/projects/949033,3年夢見た世界大会へ！ロボ世界No.1への挑戦＆僕たちの経験を次世代へ継げたい！,2026-08-08
https://camp-fire.jp/projects/961402,夏の車内、背中とお尻のムレから解放16個のクールファンが空気を循環ブリーズシート,2026-09-05
https://camp-fire.jp/projects/937090,吉村作治×石井竜也｜震災15年、福島・浜通りで「未来の夢」を紡ぐアートを創りたい,2026-08-08
https://camp-fire.jp/projects/963378,ハルカエコー【芦名ゆい】生誕祭応援プロジェクト,2026-08-05
https://camp-fire.jp/projects/943383,「新たな和」コンピレーションアルバム 第3弾「ワコンピVenue」始動,2026-07-03
https://camp-fire.jp/projects/961257,【1周年記念】瑠澪ルミナLive2D化プロジェクト,2026-08-14
https://camp-fire.jp/projects/938001,【最後の中学ハンド】2026岡山の熱戦を全国に“感謝のライブ配信！”,2026-07-30
https://camp-fire.jp/projects/953562,『女性を活かす会社、腐らせる会社』出版プロジェクト,2026-07-14
https://camp-fire.jp/projects/957242,【新規就農×菌ちゃん農法】皮ごと食べられる！ミシュラン品質の希少イチジク。香川県,2026-07-29
https://camp-fire.jp/projects/953148,子どもが夢中になるお米作り！コメサンタフェス2026の開催で新しい農業の未来を,2026-08-29
https://camp-fire.jp/projects/937594,学生たちによる演劇『ライチ☆光クラブ』の公演実現を目指しています！,2026-07-29
https://camp-fire.jp/projects/945870,【持ち歩く安心】サッと提示。燕三条製の純チタン・極薄マイナンバーカードケース,2026-07-27
https://camp-fire.jp/projects/962535,お歌のミュージカルを開催したいのにゃ…！,2026-07-05
https://camp-fire.jp/projects/963483,三重県伊勢市から全国に挑戦！！,2026-07-29
https://camp-fire.jp/projects/936348,ホログラム×音声対話｜歌で癒しを届ける「UtaMe（うたミー）」開発プロジェクト,2026-08-29
https://camp-fire.jp/projects/935164,名古屋の子どもに“挑戦できる居場所”を。アーバンスポーツパークを建設したい！,2026-08-29
https://camp-fire.jp/projects/948445,【和SHOKU FES】食・文化・人がつながる3日間を。新感覚食フェスを開催！,2026-07-03
https://camp-fire.jp/projects/950757,観客としてだけでなく「創り手」に！手話と歌で繋がる1000人コンサートを創りたい,2026-07-29
https://camp-fire.jp/projects/936309,ITで「見えない空き家」問題を解決したい！空き家率No.1の和歌山で学生が挑む！,2026-07-24
https://camp-fire.jp/projects/958902,【快挙】高専バドミントン30年の歴史を変えるインターハイ初出場！,2026-07-25
https://camp-fire.jp/projects/951265,このまま終われない、創業１３７年続く徳島の小さな酒蔵が、次の１００年へ挑む理由,2026-07-08
https://camp-fire.jp/projects/956389,ドレスコード【小鈴もゆ】生誕祭応援プロジェクト,2026-07-04
https://camp-fire.jp/projects/943607,【栃木市】解体される土蔵「永楽屋」を未来へ。蔵の記憶をつなぐ最初の一歩,2026-07-02
https://camp-fire.jp/projects/938446,【全日本モトクロス頂点へ】4歳からの夢、高校生守大夢・福島から全9戦完全挑戦！,2026-07-21
https://camp-fire.jp/projects/918000,もう少しだけ手を広げたくて。高知市への移転プロジェクト,2026-07-29
https://camp-fire.jp/projects/960918,"祝・3年連続｜3,893家庭が選んだ、画面に頼らない英語デビューBOX",2026-08-29
https://camp-fire.jp/projects/896377,【きものすなお】捨てないで！着ないまま眠っている１億着の着物を活用したい,2026-07-29
https://camp-fire.jp/projects/961500,【引退後も挑戦するボクサー14人の物語を未来に残したい！】 2冊同時の出版に挑戦,2026-07-29
https://camp-fire.jp/projects/935075,【机龍之介】泣き虫龍ちゃん、スカッシュ世界一への大航海！ROAD to 2028,2026-07-29
https://camp-fire.jp/projects/950367,〈レイダス〉大地に立つ。「機動転生」【18m級】等身大広告製作プロジェクト,2026-09-04
https://camp-fire.jp/projects/956172,LiLY10歳記念プロジェクト〜バースデーライブをみんなで盛大にお祝いしたい！〜,2026-09-03
https://camp-fire.jp/projects/909037,再犯率0%の現場が生んだ一生モノの思考のOS～やり方を学ぶ前に脳を鍛えなおす～,2026-07-25
https://camp-fire.jp/projects/951054,安心して食べられる場所を届けたい “食べることをあきらめない”移動型地域食堂,2026-07-10
https://camp-fire.jp/projects/953946,「吉祥寺OVER COFFEE HUB 屋上を開放！カフェ×コワーキング新拠点」,2026-07-29
https://camp-fire.jp/projects/948290,おめかしにんまり♪おいしい毎日をおさんぽ！ねこちゃんのぬいぐるみ化プロジェクト,2026-07-10
https://camp-fire.jp/projects/954692,ありのままで大丈夫と思える夏をヘアロスキッズに届けたい！キッズ合宿プロジェクト,2026-07-24
https://camp-fire.jp/projects/957951,物価高の壁を越えて。堺ラグビースクール、10年に一度の伝統・NZ遠征にご支援を！,2026-09-02
https://camp-fire.jp/projects/950263,平成の地下アイドルは、まだ終わっていない。,2026-08-26
https://camp-fire.jp/projects/933815,【昭和の兄弟10周年×昭和音頭】“富山発・全員参加型祭”で心躍る未来を!,2026-07-29
https://camp-fire.jp/projects/946751,ラーメンのすべてをこの一冊に。『ラーメン全史』出版プロジェクト！,2026-07-13
https://camp-fire.jp/projects/936546,コーヒー、お茶でもこれ一つで十分な魔法のガラス急須AIRO-mini BLACK,2026-07-29
https://camp-fire.jp/projects/951799,【月夜湖キャンプ場がグランドOPENへ】みんなで感動のメイン看板作りに挑戦！,2026-07-05
https://camp-fire.jp/projects/936152,海苔漁師が絵本づくりに挑戦！海苔を通じて食文化の豊かさを子どもたちに伝えたい！,2026-07-08
https://camp-fire.jp/projects/958009,"【一夜にして243,840貝を損失】一水産・阿波はじめ牡蠣復活への挑戦。",2026-08-18
https://camp-fire.jp/projects/940871,食料自給率向上！耕作放棄地再生！日本人の為の農業ネットワークを全国に拡大したい！,2026-07-29
https://camp-fire.jp/projects/955150,ハルカエコー【平沢かえ】生誕祭応援プロジェクト,2026-07-04
https://camp-fire.jp/projects/943896,パッキングのプロが作った多機能スーツケースバッグ『SwitchPack』日本上陸,2026-07-29
https://camp-fire.jp/projects/912887,マウスを持つ時代は終わり。指輪ひとつでスマホもPCも自由自在！親指だけで簡単操作,2026-07-10
https://camp-fire.jp/projects/938445,そうへいまんのPEACE COLAをみんなで完成させたい,2026-08-13
https://camp-fire.jp/projects/946405,一生モノのタイを手元に 完全限定生産   タイ食文化の旅雑誌『TALAT』創刊,2026-07-10
https://camp-fire.jp/projects/946987,【ただの給餌器じゃない。開発費1億円】留守番中の不安を消すAIペットシッター登場,2026-07-25
https://camp-fire.jp/projects/945452,【入場無料】八代発・豪華アーティスト×地元共演！「ヤッチロフェス2026」,2026-07-17
https://camp-fire.jp/projects/943461,創部40周年記念｜まだ知らない熱狂を、市川の皆様と！市川ブルーサンダース,2026-07-29
https://camp-fire.jp/projects/957547,現在地のキャパ限界を打破する24時間フィットネスジム拡張移転,2026-09-11
https://camp-fire.jp/projects/958001,20歳の決断！！　160㎝の小さな挑戦者。ニューヨークのコートで世界と戦う。,2026-08-13
https://camp-fire.jp/projects/951117,世田谷のワインバー店主が、43歳で長野に帰る理由。,2026-07-24
https://camp-fire.jp/projects/953121,【これ一本で吸引から圧縮まで】掃除の常識を覆す！コードレスミニ掃除機｜VC013,2026-07-07
https://camp-fire.jp/projects/948441,いつでも隣に♪「ニグ」ぬいぐるみ化プロジェクト,2026-07-31
https://camp-fire.jp/projects/952013,歌月えん「最強アップデート」新LIVE２D制作プロジェクト,2026-08-29
https://camp-fire.jp/projects/956083,生涯、荒唐無稽！3度目の正直、ゼロフジゼロ往復627km完走への挑戦,2026-07-29
https://camp-fire.jp/projects/956908,【最小級×AIスキャン】あなたの作業効率を爆上げするハイエンドポータブルスキャナ,2026-08-18
https://camp-fire.jp/projects/956819,【学生×音楽で地域に恩返し】創団50周年記念演奏会＆楽器修理ご支援のお願い,2026-07-29
https://camp-fire.jp/projects/959236,花魁道中【守逢りづ】生誕祭応援プロジェクト2026,2026-07-16
https://camp-fire.jp/projects/954726,「 Love Brain」出演者への負担を減らし、最高のエンタメを作りたい,2026-08-21
https://camp-fire.jp/projects/953683,トラウマを抱える女性を支えるピアスペース「そよふわハウス」を存続＆法人化したい！,2026-08-03
https://camp-fire.jp/projects/964298,第2回スナックアフランを実現したい！,2026-07-17
https://camp-fire.jp/projects/959142,プロ卓球選手五十嵐史弥が全国の選手と指導者が学び合えるオンライン卓球教室を開校,2026-07-29
https://camp-fire.jp/projects/956886,【もう一度、歌で世界をつなぐ】初芝崇史 20周年・再出発の全国&アジア公演支援！,2026-08-29
https://camp-fire.jp/projects/960183,浜松ジャガーズ 初の全国大会への挑戦！　子供たちの”熱い夏”応援プロジェクト！,2026-08-29
https://camp-fire.jp/projects/964186,文楽版『街の灯』の上演を記念して、チャップリンの御子息来日を実現させたい！,2026-07-15
https://camp-fire.jp/projects/959043,累計出荷数2千個◎500gで軽量なのにステンレス製で丈夫！ハンドドリップセット,2026-08-29
https://camp-fire.jp/projects/956243,病気や障がいのある子どもたちの“MLB観戦＆テーマパーク”海外体験を実現したい！,2026-08-05
https://camp-fire.jp/projects/953311,日本人が世界で勝てる証明を！プロピックルボール船水雄太、世界一への挑戦,2026-09-04
https://camp-fire.jp/projects/935848,全国のライダーズカフェを巡り、日本のバイク文化を1冊の本に残す！,2026-07-26
https://camp-fire.jp/projects/941242,日本最大級の学生主体まちおこしイベント　水戸ティーンズフェスティバル2026,2026-08-29
https://camp-fire.jp/projects/955724,「何度でもやり直せる」再出発を支える『心のことば』を全道の刑務所に！,2026-07-08
https://camp-fire.jp/projects/936333,沖縄と鎌倉、空手で人がつながる「鎌倉空手の日」を開催したい！,2026-09-19
https://camp-fire.jp/projects/953215,「シャム猫あずきさん」ふかふかラグ化プロジェクト！,2026-07-10
https://camp-fire.jp/projects/950538,電源も水道もいらない！洗車も掃除もこれ一台で完結するミニコードレス高圧洗浄機,2026-07-29
https://camp-fire.jp/projects/926649,あなたと叶えたい、ice 3Dお披露目配信実現プロジェクト,2026-07-29
https://camp-fire.jp/projects/941574,甘く広がる、ぎゅっとつまった果肉、甘味たっぷりの桃を皆様にお届けしたい,2026-07-06
https://camp-fire.jp/projects/953392,洗濯機にポンと入れるだけ！洗剤を減らせて毛玉や毛の付着も防ぐ魔法のボール,2026-07-28
https://camp-fire.jp/projects/955820,ドルフィンズ発！地域みんなで創る 部活動に代わる大人と子どもの青春プロジェクト,2026-07-31
https://camp-fire.jp/projects/946034,【愛媛のVTuber】個人勢の挑戦！バーチャルとリアルを繋ぐ個人事務所設立PJ！,2026-08-30
https://camp-fire.jp/projects/955508,【生地温泉唯一の宿】115年愛されたお風呂と「手仕事のおもてなし」を守りたい！,2026-07-10
https://camp-fire.jp/projects/947542,愛媛・栗産地のモンブラン。人口2500人の消えゆく産地と農家の未来を守りたい,2026-07-29
https://camp-fire.jp/projects/953837,お部屋に置くだけで、ゆるかわ空間に♪もずくティッシュケース化プロジェクト,2026-07-10
https://camp-fire.jp/projects/956749,令和8年8月8日、　宮崎の山に200人のオフグリッドフェス開催,2026-07-18
https://camp-fire.jp/projects/943372,【ぜろから☆すた→と】水瀬らゆん生誕祭応援プロジェクト,2026-08-29
https://camp-fire.jp/projects/952425,平和を実現した日本人が作った万年の智慧が内在する日本語の簡単修得法を広く届けたい,2026-08-29
https://camp-fire.jp/projects/958605,沖縄から全国へ！チーム初の挑戦、絶対に掴みにいきます！,2026-07-29
https://camp-fire.jp/projects/955325,膵臓がんで余命を告げられた母の子どもたちへの愛のメッセージ絵本。,2026-07-22
https://camp-fire.jp/projects/955540,牛乳離れ・原料高・人手不足の三重苦。飛騨の牛乳屋が未来へ繋げる牧成舎の挑戦！,2026-09-15
https://camp-fire.jp/projects/928870,鹿児島の職人がつくる、世界基準の一杯。限定コラボウイスキーを届けたい。,2026-07-29
https://camp-fire.jp/projects/956173,【この町Camp】子どもが主役！消防士と共に未来へ繋ぐ救命防災Camp,2026-08-22
https://camp-fire.jp/projects/952759,花と緑に包まれる田園調布カフェ計画｜flower HyggEの新たな挑戦！,2026-08-29
https://camp-fire.jp/projects/960657,認知症になってもみんなでミマモロウ。公共施設に啓発トイレットペーパーを。,2026-08-29
https://camp-fire.jp/projects/951488,TENRIN【霞あげは】生誕祭応援プロジェクト,2026-07-22
https://camp-fire.jp/projects/947581,3期生進行中！毎年100人の瀬戸内の若者が海外留学に挑戦できる世界を実現したい！,2026-07-24
https://camp-fire.jp/projects/958338,AI時代のWiredへ。長編OVA『lain : Protocol 7』,2026-08-29
https://camp-fire.jp/projects/961184,空気の上で眠る。酷暑の夏も快適な新素材マットレス,2026-07-29
https://camp-fire.jp/projects/946969,誰もが安心してかかれる精神科医療を目指して、人権擁護団体の基盤を整備したい,2026-08-29
https://camp-fire.jp/projects/951666,活動20周年を記念する今年、アンサンブル室町のドイツ公演を実現させたい！,2026-08-20
https://camp-fire.jp/projects/935845,点数を取る英語から、自分の言葉で話せる英語へ。自ら問いを立て人生を創る子に！,2026-07-26
https://camp-fire.jp/projects/960504,夏芽のん生誕クラウドファンディング,2026-07-05
https://camp-fire.jp/projects/955111,毎日のながらケアに。座ったままできる新しいウェルネス習慣。,2026-08-29
https://camp-fire.jp/projects/957326,【誰でも主役になれる場所】体験型ダンスイベントで福井をもっと盛り上げたい,2026-08-06
https://camp-fire.jp/projects/954014,【衝撃】あの落書きが立体化―圧縮雑学チャンネル「ワタシ」ぬいぐるみプロジェクト,2026-07-14
https://camp-fire.jp/projects/935865,病と向き合う子供達の笑顔を守るために！ヘアドネーションの輪を日本中に広げたい！,2026-07-29
https://camp-fire.jp/projects/935618,サウナを次のステージへ！水着着用で男女共に楽しめる湯らっくす2号店を福岡に開店,2026-07-29
https://camp-fire.jp/projects/943142,エンディングノートを社会インフラに！「いつか書く」から「いま書いてみんなで使う」,2026-07-16
https://camp-fire.jp/projects/960226,結成4年で九州大会初出場！ピカピカのユニフォームで大舞台に挑む,2026-07-31
https://camp-fire.jp/projects/951502,【八上和希】新曲制作と全国ツアーで大阪城ホールへの第一歩を踏み出したい！,2026-07-29
https://camp-fire.jp/projects/956109,富士・御殿場発　子供達の未来の為「みんなで作るクルマのミュージアム」を作りたい！,2026-08-29
https://camp-fire.jp/projects/942599,「死ぬな、生き抜け」　全国の児童養護施設へ『生きる力』を届けたい,2026-08-08
https://camp-fire.jp/projects/960608,【東春朝鮮初級学校80周年】子どもたちに安心の学び舎を！改修応援プロジェクト,2026-08-20
https://camp-fire.jp/projects/938996,キッズドラムの発表会を成功させたい!!,2026-07-09
https://camp-fire.jp/projects/933150,《人形劇団むすび座》児童福祉施設などの子どもたちに人形劇を届けたい！,2026-08-29
https://camp-fire.jp/projects/954792,バーチャルシンガーYuNi「株式会社YuNi on BMC」設立,2026-07-29
https://camp-fire.jp/projects/951561,ピーター・バラカンが選ぶ音楽映画祭！本邦初上映をみんなで実現したい！,2026-07-29
https://camp-fire.jp/projects/939557,西宮に世界中のルービックキューブ仲間&音楽仲間が集まる夢のコミュニティスペース。,2026-07-29
https://camp-fire.jp/projects/963395,iLiFE!【若葉のあ】生誕祭応援プロジェクト,2026-08-25
https://camp-fire.jp/projects/956094,40歳から人生はもう一度輝く！女性たちの人生再挑戦ステージを全国へ届けたい！,2026-08-14
https://camp-fire.jp/projects/954449,【滋賀 長浜】お菓子で皆を笑顔にするお店un rythme、5年越しに実店舗へ。,2026-08-29
https://camp-fire.jp/projects/957812,MEGAFON【好実れん】生誕祭応援プロジェクト,2026-08-15
https://camp-fire.jp/projects/960372,9カップバストUPした私が伝えたい。自分を幸せにすると決めた日から全てが動き出す,2026-08-29
https://camp-fire.jp/projects/950440,伊勢神宮ゆかりの”神秘の島”の民宿を島民と観光客が交わる拠点に！建築学生の挑戦,2026-07-29
https://camp-fire.jp/projects/946582,島原に、ホルモン屋みゅう　希望と賑わいあふれる昭和の屋台文化をもう一度。,2026-08-22
https://camp-fire.jp/projects/960252,【みんなでつくる生誕祭！】“毒甘うさぎ”石原美沙紀 新曲&新衣装大作戦,2026-07-29
https://camp-fire.jp/projects/947885,【日本代表】タグフットボールW杯へ｜“楕円の輪”を世界へ広げたい,2026-07-29
https://camp-fire.jp/projects/955049,「海を描き、海を伝えて生きていきたい。」,2026-07-18
https://camp-fire.jp/projects/944886,世界が息をのむ「日本の魂」が消える前に。職人の神業を120本の映像で遺す,2026-07-08
https://camp-fire.jp/projects/964305,【8月9日開催・神楽坂】アフラン学園軽音部ライブを実現させたい！,2026-07-17
https://camp-fire.jp/projects/934867,「調味料の中身がひとめでわかる！」特許技術で家事ストレス軽減 ＆トキメキへ！,2026-08-28
https://camp-fire.jp/projects/950900,スラム街に希望のギャラリーを！BONBO STARSが世界へ羽ばたく挑戦！,2026-07-13
https://camp-fire.jp/projects/930648,アーティストの表現の幅を広げたい！～アートでひらく、自分らしい社会とのつながり,2026-07-27
https://camp-fire.jp/projects/948824,不可能と言われた一歩を！脊髄損傷者のホノルルマラソン初完歩プロジェクト！,2026-07-29
https://camp-fire.jp/projects/956390,被爆81年、手話ダンスで平和への誓いを世界へ！BlueStar2026開催へ,2026-08-29
https://camp-fire.jp/projects/957864,"AI時代に""豊かに生きる""ための、新しいお金の資格をつくります",2026-08-24
https://camp-fire.jp/projects/939108,夏のジャズフェス - 八ヶ岳の自然と音楽が織りなす新たなコミュニティ,2026-07-09
https://camp-fire.jp/projects/895148,北海道から、和牛の未来を届けたい。～和ぎゅリー製作プロジェクト～,2026-09-16
https://camp-fire.jp/projects/951499,市民映画祭で文化の灯をもう一度,2026-08-14
https://camp-fire.jp/projects/952102,岩国駅、新岩国駅構内の装飾を施し、岩国にお越しになられた皆様をおもてなししたい！,2026-07-29
https://camp-fire.jp/projects/930321,あの日誓った夢。75歳の父と三兄弟でつくる『世界一あたたかい』実家のような飲食店,2026-08-28
https://camp-fire.jp/projects/944456,【コリア・フォーカス】をリニューアル。日本と朝鮮半島をつなぐ新たな「公論の場」に,2026-07-29
https://camp-fire.jp/projects/957040,泊まれる谷戸の実験室「実間-minoma-」をひらきます,2026-07-18
https://camp-fire.jp/projects/940155,写真家・上田優紀　七大陸最高峰制覇への最終章　南極・北米・南米の三座登頂に挑む!,2026-08-04
https://camp-fire.jp/projects/922214,長野の真ん中に音楽を愉しむ場を作る！,2026-07-18
https://camp-fire.jp/projects/964308,【8月２日開催・原宿】アフラン学園歌劇部ライブを実現させたい！,2026-07-17
https://camp-fire.jp/projects/891272,市場で無価値とされる命を社会課題解決の鍵へ転換！12頭の牛と創る未来のインフラ,2026-07-29
https://camp-fire.jp/projects/947173,第6回世界身体障害者野球大会～諦めなかった物語の続きを、共に闘いましょう！,2026-08-29
https://camp-fire.jp/projects/945645,選手・観客・スタッフ、関わるすべての人の心に残る大会をつくる。,2026-07-10
https://camp-fire.jp/projects/962785,【猿馬虎生誕祭2026】応援プロジェクト,2026-07-29
https://camp-fire.jp/projects/952402,【用途無限大】シリコングリップで挟むだけ！どこでも固定できる新発想スマホホルダー,2026-07-29
https://camp-fire.jp/projects/953639,仙台に、姿勢と健康を育てるウォーキングスタジオを作りたい,2026-07-29
https://camp-fire.jp/projects/963470,日本の技術を世界へ。アントワープから日本のファッションデザインを更新したい。,2026-08-25
https://camp-fire.jp/projects/962921,ネイルをするだけじゃない。「笑顔が溢れるサードプレイス」をつくりたい,2026-08-07
https://camp-fire.jp/projects/952810,ギターウルフ presents『シマネジェットフェス 2026』,2026-08-29
https://camp-fire.jp/projects/945250,VTuberあさはねむゐ4周年 記念応援広告をリスナーと実現！,2026-07-29
https://camp-fire.jp/projects/933661,【ありすりあ生誕祭2026】応援プロジェクト,2026-08-05
https://camp-fire.jp/projects/961362,阪神タイガース　象印ステンレスマグ&ステンレスタンブラー事前販売開始！,2026-07-29
https://camp-fire.jp/projects/960431,全国の小学校・中学校に「自己肯定感」の本を届けたい！子どもの生きる力を伸ばす,2026-08-13
https://camp-fire.jp/projects/955260,赤ちゃんの落下に怯える夜から、家族で眠れる夜へ。テント型ベッドガード,2026-07-17
https://camp-fire.jp/projects/938468,【植村直己冒険賞受賞】スピアフィッシャー・小坂薫平の物語を世界へ！,2026-09-04
https://camp-fire.jp/projects/958742,【三重県】尾鷲市唯一のスーパー銭湯をパワーアップ！サウナ設備を充実させたい！,2026-07-25
https://camp-fire.jp/projects/957779,声優・折笠愛主宰朗読劇公演「結びの風」を、ファンの皆様と一緒に創りあげたい！,2026-08-13
https://camp-fire.jp/projects/937929,【ポストロックバンドAYANO】新譜レコード化&ヨーロッパリリースプロジェクト,2026-07-29
https://camp-fire.jp/projects/933638,紀宝町ウミガメ公園｜ウミガメの命を地域で守る。持続可能な保護の仕組みを作る挑戦！,2026-07-24
https://camp-fire.jp/projects/953916,人生の全てを懸けてドイツでプロサッカー選手になる。20歳 小森諒士,2026-07-18
https://camp-fire.jp/projects/963845,【寄絃 - Yo2La】咲夜めぐ生誕祭2026応援プロジェクト,2026-07-26
https://camp-fire.jp/projects/907427,「環境エピジェネティクス入門」を出版したい,2026-07-31
https://camp-fire.jp/projects/944847,"幼馴染10人が""耕作放棄地""をいちご畑に蘇らせる！地元・栃木から農業の未来を耕す",2026-07-29
https://camp-fire.jp/projects/956309,【14歳で単身渡仏】ジュニア日本代表 久野佑隼がヨーロッパから世界トップへ挑戦！,2026-08-21
https://camp-fire.jp/projects/960239,#PANnana-パンダの指は実は7本ある。-【天野ちなつ】生誕祭2026,2026-08-29
https://camp-fire.jp/projects/938584,【なにこれ!?って聞かれる】画面の中で推しが動く、新感覚デジタルバッジ再販決定！,2026-07-27
https://camp-fire.jp/projects/956828,「支援から価値創出へ」和歌山から世界へ挑戦する福祉プロジェクト,2026-09-13
https://camp-fire.jp/projects/927133,沖縄から全国へ。KBC高等学院サッカー部の「海を越える」挑戦を応援してください！,2026-07-30
https://camp-fire.jp/projects/952504,「空想と妄想とキミの恋した世界」始動。7.20渋谷音楽堂から始まる私たちの物語。,2026-07-17
https://camp-fire.jp/projects/940008,世界へ届ける希望の絵本『AKARI』で小児がん患者・家族に絵本を届けたい,2026-07-29
https://camp-fire.jp/projects/950497,子ども達に「大きな夢」を！未来へつなぐ新作ミュージカル『URASHIMA』の挑戦,2026-08-29
https://camp-fire.jp/projects/943346,動かぬ体、溢れ出す感情。ALS合⽥朝輝監督の奇跡の映画をリッツカールトンで初公開,2026-08-29
https://camp-fire.jp/projects/955955,ジャパニーズウイスキーの美味しさを世界に。BAR FRAUが専門店へ,2026-07-29
https://camp-fire.jp/projects/932897,【愛知・岡崎市】祖父の工場を再生し、心に灯を燈すカフェとコミュニティを作りたい！,2026-07-10
https://camp-fire.jp/projects/947209,リングと呪怨を超える。Jホラーで世界を震わせる映画を一緒に作ろう,2026-07-17
https://camp-fire.jp/projects/961348,ぎゅっと抱きしめて！つり目ねこぬいぐるみ化プロジェクト,2026-08-09
https://camp-fire.jp/projects/962062,迷子ゼロ収納×瞬間アクセス！BODYとHIPでシフトする高機能2WAYバッグ,2026-08-29
https://camp-fire.jp/projects/943720,つくばセンターの歴史をひもとき、センター広場でオペラコンサートを行いたい！,2026-08-18
https://camp-fire.jp/projects/957920,テンシンランマン【琴音うな】生誕祭応援プロジェクト,2026-08-01
https://camp-fire.jp/projects/963846,プエラの絶対値【星宮愛夢】卒業公演を盛り上げたい！,2026-07-09
https://camp-fire.jp/projects/962080,カミサマパレード 夢宮かるた 生誕祭応援プロジェクト,2026-08-24
https://camp-fire.jp/projects/965961,statcastデータやセイバーメトリクスで遊ぶ野球GMゲームの作成,2026-09-02
https://camp-fire.jp/projects/954891,灼熱の少年院に、冷たいジュースとアイスを一緒に差し入れよう,2026-08-29
https://camp-fire.jp/projects/959555,特許技術で深い味わいを最短５分で実現。真空抽出コーヒーメーカー＋密封キャニスター,2026-08-29
https://camp-fire.jp/projects/948548,お金の問題で終わらせたくない。藤島イルミネーション9年目、次の10年へ。,2026-07-29
https://camp-fire.jp/projects/953665,「再起の誓い-滝ともはる 70歳での音楽活動拠点の再開支援プロジェク,2026-07-18
https://camp-fire.jp/projects/952623,必要な瞬間に、必要なサイズに伸縮！独自の特許構造が叶える、ポケットサイズの長財布,2026-09-07
https://camp-fire.jp/projects/954041,【5枚パネル、9関節】で、様々なデスク環境にも理想のライティングを,2026-07-29
https://camp-fire.jp/projects/946740,30秒の戦いに魂を注ぐ！初のダブルダッチ日本代表！日の丸を表彰台にあげたい！,2026-07-15
https://camp-fire.jp/projects/957369,LADYBABY【月街えい】生誕祭応援プロジェクト,2026-08-01
https://camp-fire.jp/projects/944212,【都心から90分】現代のストレスをリセット！東京で味わう究極の【滝行】体験,2026-08-18
https://camp-fire.jp/projects/963127,【新発想のロール構造】大容量×驚異のアクセス性。進化系バッグ「ROTOLO X」,2026-07-29
https://camp-fire.jp/projects/948667,越境創作能をマレーシアの国際フェスティバルで上演！日馬文化融合したミックス能！,2026-09-23
https://camp-fire.jp/projects/905192,A2ミルクで白浜町を変える！２頭のジャージー牛と挑む小さな牧場の挑戦！,2026-07-18
https://camp-fire.jp/projects/959449,販売者も配送業者も悪くない。物流トラブルを減らす新しいダンボールに挑戦,2026-07-29
https://camp-fire.jp/projects/958215,「うまのまち」福島県南相馬市から、馬たちの未来をつくりたい！,2026-09-02
https://camp-fire.jp/projects/937037,【浪江から復活】15年の時を経て故郷で醸す。初心者・女性に贈る革新の日本酒誕生,2026-07-29
https://camp-fire.jp/projects/949372,地震に老朽化　創業100年 宮崎市の和菓子店 桐木神楽堂の建て替え物語,2026-08-13
https://camp-fire.jp/projects/957099,カルメラ結成20周年記念ライブを、ファンのみなさんと共に盛り上げたい！,2026-07-29
https://camp-fire.jp/projects/954205,CASIOPEA L.A.公演 Blu-ray化プロジェクト,2026-08-23
https://camp-fire.jp/projects/943522,【眺めながら熟成を味わう】香りも味も自分好みの一杯へ。変化を楽しむ樽熟成体験,2026-08-29
https://camp-fire.jp/projects/952143,Liリーグとともに囲碁界の新しい未来を紡いでいきましょう！,2026-08-15
https://camp-fire.jp/projects/963403,AdamLilith【響羽リズ】生誕祭応援プロジェクト,2026-08-23
https://camp-fire.jp/projects/959076,茨城県水戸市の魅力詰まったふるさと映画を水戸市で上映を行いたい,2026-08-28
https://camp-fire.jp/projects/961089,日本刀の玉鋼を、日々のそばに。備前長船の刀匠が鍛えた龍虎の御守型ひとふり,2026-08-29
https://camp-fire.jp/projects/955385,浜松町で創業45年！脳梗塞の父のために備長炭火焼とりごえのリフォームを行いたい！,2026-07-29
https://camp-fire.jp/projects/958005,三重県菰野町・昭和42年設立のレトロなホテル「希望荘」を盛り上げたい！,2026-08-29
https://camp-fire.jp/projects/956244,6年の空白を越えて。【フリースキー 元日本代表】樋本真結、NZ復帰戦への挑戦,2026-09-22
https://camp-fire.jp/projects/964667,「山伏の智慧」を日本、世界へ届けたい！ 羽黒山伏・星野文紘先達 出版プロジェクト,2026-09-21
https://camp-fire.jp/projects/963458,秩⽗限定の⾚いぶどう「ちちぶ ⼭ルビー」を全国に広めたい,2026-08-07
https://camp-fire.jp/projects/941936,【福島県郡山市で創業155年】の伝統と極上の辛口酒『雪小町』、危機からの脱出！,2026-08-29
https://camp-fire.jp/projects/921094,マジカル・パンチライン【吉澤悠華】生誕祭応援プロジェクト,2026-07-09
https://camp-fire.jp/projects/950945,愛すべき変な人々のための居場所を存続させたい！アソビカイギ８年目のアップデート！,2026-07-09
https://camp-fire.jp/projects/951144,【緊急SOS】300万の国産うずら卵を救ってください。プロも認めた逸品を食卓へ！,2026-08-23
https://camp-fire.jp/projects/963328,1988年に亡くなった漫画家「湊谷夢吉」の全集を刊行したい【第一弾】,2026-08-29
https://camp-fire.jp/projects/951383,風じゃない、冷たさを届ける。半導体冷却搭載ハンディファン,2026-07-29
https://camp-fire.jp/projects/935275,一緒に育てよう！現役農大生の挑戦、熱海・湯河原の養蜂プロジェクト,2026-07-13
https://camp-fire.jp/projects/946436,【母から子へ・子から母へ】 言葉の贈り物で絆を深める本「50のこと」プロジェクト,2026-09-25
https://camp-fire.jp/projects/961897,『沖縄から韓国へ！』  糸満南小学校女子ミニバスケ部 遠征支援プロジェクト,2026-08-29
https://camp-fire.jp/projects/953383,パラレルサイダー【彩音ゆの】生誕祭応援プロジェクト,2026-07-15
https://camp-fire.jp/projects/962035,【みんなで作る！さん家祭り2026シール】日本最大級のシールイベントでの挑戦,2026-07-28
https://camp-fire.jp/projects/941874,「ほわいと杯2027」「プロセカ甲子園2027」開催プロジェクト  Phase1,2026-07-29
https://camp-fire.jp/projects/943877,再び香りを届けたい｜調香師MACOTT「天然熟成香水」再誕プロジェクト,2026-07-29
https://camp-fire.jp/projects/934281,【高校生英語ディベート世界大会】世界へ挑む日本代表チームをケニアへ！,2026-07-30
https://camp-fire.jp/projects/940237,遅咲きアイドル“Velvet Kiss“始動,2026-07-17
https://camp-fire.jp/projects/932623,岡山児島、ジーンズストリートの3姉妹が挑戦！祖父母の意思を未来に残したい！,2026-07-29
https://camp-fire.jp/projects/932591,アカデミズムと言論への挑戦：2026年単著出版プロジェクト,2026-08-18
https://camp-fire.jp/projects/909144,海賊サウナ — サウナ文化に“革命”を起こす、新しい温浴体験。,2026-08-20
https://camp-fire.jp/projects/942535,第1弾：油脂を落とし、傷を整える。SENSE‑Rの新たな武器を手に入れろ,2026-09-25
https://camp-fire.jp/projects/954277,受賞歴多数のパティシエが手がける、船橋の会員制夜パフェバー,2026-08-13
https://camp-fire.jp/projects/949437,10年越しの夢を、あなたと。 「おんぷらんと」の絵本制作プロジェクト,2026-08-29
https://camp-fire.jp/projects/946097,念願の実店舗！！ここからキムチで日本を元気にする！！,2026-08-29
https://camp-fire.jp/projects/863380,アジアNo.1へ！競技なわとび日本代表7名の壮絶跳戦！,2026-08-22
https://camp-fire.jp/projects/952376,日本のお茶を、世界の日常に ―ブリスベンに、日本人初の日本茶専門店を―,2026-08-29
https://camp-fire.jp/projects/960005,無名VTuberが勝手に始めた「心の焚火」──孤独に悩む人が帰れる場所を未来へ,2026-08-29
https://camp-fire.jp/projects/950922,オストメイトファッションショーをパリコレで！おむつに続く、世界の常識を変える挑戦,2026-08-29
https://camp-fire.jp/projects/966340,【あたまのなかは8ビット︎︎！？】叶生誕祭応援プロジェクト2026,2026-07-18
https://camp-fire.jp/projects/961692,日本一への挑戦！下北沢成徳バレー部のインターハイ応援プロジェクト,2026-08-05
https://camp-fire.jp/projects/959094,FMベスビアス第3章、始まる。日本最大の“花火の余韻”を一緒につくりたい！,2026-08-14
https://camp-fire.jp/projects/938933,ふぐのドキュメンタリー映画「GUN FISH」（ガンフィッシュ）完成に向けて！,2026-07-13
https://camp-fire.jp/projects/947394,"スマホは""差すだけ""。片手でサッと取り出せる快適通勤トート",2026-08-09
https://camp-fire.jp/projects/958033,宮城県利府高校男子バスケットボール部全国大会出場応援！,2026-08-18
https://camp-fire.jp/projects/949929,日本のセドナ、宮崎・綾町へ！馬と大自然の力で本能を取り戻す再生フィールドを作る,2026-08-29
https://camp-fire.jp/projects/918789,【10 周年記念】キャラクターを着ぐるみ化して「黄金の体験」を広めたい！,2026-08-21
https://camp-fire.jp/projects/943888,オンラインを飛び出して！パン屋の枠に収まらない、誰もが挑戦できる場所を作りたい。,2026-08-29
https://camp-fire.jp/projects/955885,【骨伝導イヤホンの決定版】「ながら聴き」であらゆるアクティブシーンをより快適に。,2026-08-29
https://camp-fire.jp/projects/954517,世界最高峰の料理大会へ。浅野シェフ、日本代表の挑戦を応援しよう！,2026-09-04
https://camp-fire.jp/projects/946558,"""1周年記念！お店のグレードアッププロジェクト""",2026-07-29
https://camp-fire.jp/projects/950682,すべての子どもたちが安心して『ただいま』と言える居場所を東大阪に。,2026-09-06
https://camp-fire.jp/projects/927391,アメリカ横断して個展を開催したい！,2026-07-21
https://camp-fire.jp/projects/949634,一人で頑張る時代は終わり。100㎡コミュニティ型ジムLUAANA CLUB始動！,2026-08-26
https://camp-fire.jp/projects/955597,シェフドナートのピザをもう一度お届けするために！,2026-07-29
https://camp-fire.jp/projects/951191,自由に行きたい場所へ。 荷物は全部、バッグはひとつ。,2026-08-29
https://camp-fire.jp/projects/932219,⽇本のだるまをイタリアへ！多様な価値観を世界に届けたい!,2026-08-14
https://camp-fire.jp/projects/952795,【日本の死生観をニューヨークへ】ポップに真面目に死を語る場を世界に広げたい！,2026-07-29
https://camp-fire.jp/projects/953466,SUMMER JACK FINAL！10年間ありがとう！最後の夜空に花火を！,2026-07-11
https://camp-fire.jp/projects/948210,墨象家「TONTOKU」イタリアサルディーニャ市長協賛海外ソロ個展プロジェクト,2026-07-14
https://camp-fire.jp/projects/955805,【甲状腺がん】今の声を残したい！Jazzシンガー堀北やこアルバム録音・最後の挑戦,2026-08-16
https://camp-fire.jp/projects/959062,【明治大学男子チアANCHORS】“あなたの支えになる’’史上初の夏公演開催へ！,2026-07-29
https://camp-fire.jp/projects/959321,デスゲーム開幕支援プロジェクト,2026-08-29
https://camp-fire.jp/projects/953255,「世界で戦うゴルファーに！」鈴木みなみ・アメリカ留学挑戦プロジェクト,2026-07-29
https://camp-fire.jp/projects/946400,【水を変えたら、朝が変わった】与那国の化石サンゴでカラダが喜ぶ水習慣を！,2026-08-13
https://camp-fire.jp/projects/954496,無所属・野良シンガーソングライターHINAZUKIの2ndアルバム制作,2026-08-14
https://camp-fire.jp/projects/966258,【にゃんこと移転応援】逆境を乗り越えアットホーム猫カフェを守りたい！！,2026-08-29
https://camp-fire.jp/projects/959098,福岡県飯塚市八木山！！モトパーク・オートキャンプ場,2026-09-28
https://camp-fire.jp/projects/951284,沖縄で18年続いたCrossFit Asiaを、もう一度みんなの場所へ。,2026-08-29
https://camp-fire.jp/projects/955893,～自然豊かな古民家で、家族や仲間と心ほどけるひとときを～,2026-08-24
https://camp-fire.jp/projects/941943,日本文化保育園inラスベガス支援プロジェクト！,2026-07-29
https://camp-fire.jp/projects/952473,【パントマイムのテーマパーク】40歳の挑戦『Verse～游演地～』スペシャル公演,2026-09-28
https://camp-fire.jp/projects/888462,二重跳び連続１００回達成応援イベント 『跳びフェス』を開催したい,2026-08-29
https://camp-fire.jp/projects/945851,9歳で世界へ。諦めなかった先にあった日本代表,2026-07-13
https://camp-fire.jp/projects/949105,【日本人女子選手初！】フットバレー大会に出場するためブラジルへ！,2026-09-28
https://camp-fire.jp/projects/933266,海を越えた想いが、ひとつの光に。若き才能が輝く夢の舞台を応援！,2026-07-16
https://camp-fire.jp/projects/961899,WineBar Pluribus「高級フリーフロー」のVIP会員権募集,2026-07-29
https://camp-fire.jp/projects/964315,離島の文化芸術格差をリズムで埋める。島の未来へ。,2026-08-28
https://camp-fire.jp/projects/957500,オリーブファミリアあしなが基金で障害児入所施設の児童に遊びと学び、豊かな思い出を,2026-09-05
https://camp-fire.jp/projects/959492,GLiT 解散ライブ　AFTER GLOW~GLiT LAST SCENE~,2026-08-29
https://camp-fire.jp/projects/957683,30代 Uターン夫婦が挑む！秋田の稲庭うどん×こだわり“塩だれ”誕生プロジェクト,2026-07-13
https://camp-fire.jp/projects/963381,【STARRY×NIGHT】瀬月とわ生誕祭応援プロジェクト,2026-08-28
https://camp-fire.jp/projects/955831,真空保存で鮮度約5ヵ月！四角い形がキッチンにすっぽり収まる、分割保存できる米びつ,2026-08-13
https://camp-fire.jp/projects/917672,ニトリレディスひがし北海道初開催！釧路カントリーホストコース記念プロジェクト,2026-07-13
https://camp-fire.jp/projects/965988,ムツゴロウ王国芦刈夏まつり- 夏の花火大会を盛り上げるプロジェクト,2026-07-30
https://camp-fire.jp/projects/946447,14年間続けてきたインドでの実践を、次の未来へつなぎたい。,2026-07-26
https://camp-fire.jp/projects/955266,DIAVEL 姫ノ実そあら 生誕祭応援プロジェクト,2026-07-27
https://camp-fire.jp/projects/965164,多年生穀物Kernza（カーンザ）の魅力をクラフトビールで届けたい！,2026-07-29
https://camp-fire.jp/projects/959164,【杉並ライオンズ全国挑戦】石岡の子ども達に夢の舞台を！遠征費サポートプロジェクト,2026-08-06
https://camp-fire.jp/projects/952616,みんなで鉄板を囲もう！！春日部にもんじゃと手作り惣菜の“わくわく食卓”を作りたい,2026-07-29
https://camp-fire.jp/projects/957757,年々寝苦しくなる日本の夏の夜に冷却革命！直冷えだから朝まで快適。水冷式冷却マット,2026-09-05
https://camp-fire.jp/projects/944234,【家庭で気軽に業務用クオリティ】写真の質感まで表現する高精度AIレーザー彫刻機,2026-08-29
https://camp-fire.jp/projects/958607,【元プロ野球選手重信慎之介第二の挑戦】日本一のカーラッピングブランドを目指します,2026-08-29
https://camp-fire.jp/projects/908781,「一人ひとりが主役になる組織/コミュニティ」新しい会社のかたちを、社会の選択肢へ,2026-09-18
https://camp-fire.jp/projects/967617,あの！美術館で作品展示へ！感謝を込めて！,2026-09-09
https://camp-fire.jp/projects/927765,【ムー公認】の常設「つちのこ発見・研究本部」を作りたい！,2026-08-29
https://camp-fire.jp/projects/965573,自主公演・第四回林佑樹の會「東海道四谷怪談」公演応援プロジェクト！！,2026-09-28
https://camp-fire.jp/projects/960453,日本の小麦が消えかけている！小豆島で「小麦粉」にこだわる老舗が、未来を変えたい,2026-08-29
https://camp-fire.jp/projects/957767,10月18日(日)は高畠町へ！！昭和のクラシックカーで高畠町を盛り上げよう！！,2026-08-19
https://camp-fire.jp/projects/960319,「まだ間に合う場所」を大阪に　闇バイトに走る若者達を救う就労支援施設を作りたい！,2026-09-28
https://camp-fire.jp/projects/960671,51歳最後の挑戦！魂の故郷マウイ島で仲間と作る、17年ぶり完全復活NEWアルバム,2026-08-16
https://camp-fire.jp/projects/945336,小豆島の伝統と革新。「オリーブ豚の無添加ベーコン」を再び全国へ！,2026-08-04
https://camp-fire.jp/projects/944855,【鹿鳴館再始動に向けて】日本のロックを生み続けてきた場所を、もう一度。,2026-07-29
https://camp-fire.jp/projects/944813,閉鎖された交番をリノベーションして、岡山の食の魅力を発信する施設にしたい。,2026-07-29
https://camp-fire.jp/projects/955717,【宮古島・築50年】島の想い出が繋がる『ひらら集会所ふらっと』を育てる仲間に！,2026-08-29
https://camp-fire.jp/projects/935433,フリーダイビング大会を沖縄３島で実施して競技の発展を目指したい！,2026-08-05
https://camp-fire.jp/projects/941247,【鳥取・16万㎡ 空山の自然と農園】定年後セカンドキャリアで挑む観光農園づくり！,2026-08-04
https://camp-fire.jp/projects/955883,ひとり親家庭の親子に夏の思い出を。貸切りの浅草花やしきへ連れて行ってください。,2026-08-08
https://camp-fire.jp/projects/896008,2027年4月23日紀尾井ホールにてTCCP今度こそ復活公演を成功させたい！,2026-08-04
https://camp-fire.jp/projects/954310,メトリア【閻魔 れむ】生誕祭2026 クラウドファンディング,2026-07-18
https://camp-fire.jp/projects/952565,福岡の猫たち、熱中症から命を守るエアコンを,2026-07-13
https://camp-fire.jp/projects/944200,魔王なのだ3D化プロジェクト【個人勢VTuber】,2026-08-28
https://camp-fire.jp/projects/956456,ちょっとした夢をかなえる居場所 “シェアリビング”「ソトナカ西荻窪」を作りたい！,2026-07-29
https://camp-fire.jp/projects/875732,【濱長 花神楽】よさこい伝統美で「土佐の心」を世界へ届ける挑戦,2026-07-29
https://camp-fire.jp/projects/954639,【5周年・新たな挑戦！】みんなでつくる「ひこねいろ文化祭」を彦根で続けたい,2026-08-29
https://camp-fire.jp/projects/959515,元特殊部隊員が考案した防犯・防災バッグ「LIVORA」,2026-09-28
https://camp-fire.jp/projects/959785,【自然農革命】日本のお米と自然なタネを守る！農業棟を新設したい,2026-08-29
https://camp-fire.jp/projects/957253,【Mリーグ】Mリーガーと楽しむ「キッズ麻雀フェスティバル2026」開催！,2026-08-21
https://camp-fire.jp/projects/948144,アレサ再会プロジェクト ～もういちど逢いたい～,2026-08-29
https://camp-fire.jp/projects/963557,彩葉ちえりの生誕祭を、ファンみんなで盛大にお祝いしたい！,2026-08-14
https://camp-fire.jp/projects/959414,「もう一度ケージへ。」格闘家・安井飛馬 復活プロジェクト,2026-07-29
https://camp-fire.jp/projects/944471,麻倉ましろぬいぐるみ化プロジェクト【個人Vtuber】#麻倉ましろぬい化CF,2026-08-19
https://camp-fire.jp/projects/953087,宇宙エレベーターの実現に向け、開発と研究の両輪で世界に挑みます！,2026-09-28
https://camp-fire.jp/projects/951405,【伊奈町】見えない壁超え共生の屋敷、サポートメンバー募集！,2026-08-30
https://camp-fire.jp/projects/949654,初の海外フェス！DEATH RABBITS渡航支援プロジェクト,2026-08-29
https://camp-fire.jp/projects/939776,温泉津に子どもが駆け回れる公園をつくりたい。100年先も、帰りたい町であるために,2026-08-29
https://camp-fire.jp/projects/964522,岡崎城西高校ソフトテニス部の全国2連覇を応援したい！,2026-08-01
https://camp-fire.jp/projects/929763,シナリオ重視のロボゲー「積想のFragments」に声を付けたい！,2026-08-29
https://camp-fire.jp/projects/953354,権力の不正と対峙するニュースサイト「ハンター」の運営維持へ,2026-08-29
https://camp-fire.jp/projects/941065,109gの衝撃。軽さ＝感度を極めたチューニングリール誕生,2026-08-26
https://camp-fire.jp/projects/920363,障がい者就労支援施設のトマトで仕込むクラフトビール　飲むことで雇用を生む一杯,2026-08-29
https://camp-fire.jp/projects/963831,静岡で最高品質のダンスエンターテインメントを届けたい！,2026-08-29
https://camp-fire.jp/projects/953695,ジビエ・鹿肉の力で社会と未来のアスリートの力になりたい。橋本尚明の新たな挑戦,2026-08-29
https://camp-fire.jp/projects/960578,小さなハコに溢れる音楽と絆。トレーラーハウスバル『ラ・ペーニャ』移転再開へ,2026-08-29
https://camp-fire.jp/projects/943971,日本で育ったコーヒーを飲みたい！「国産コーヒーシンポジウム」を鹿児島で開催します,2026-09-04
https://camp-fire.jp/projects/947597,2026年夏：欧州遠征し「ツール・ド・フランス」で戦える日本選手を輩出したい,2026-07-29
https://camp-fire.jp/projects/950460,800年続く国指定重要無形民俗文化財『八戸えんぶり』鳥屋部えんぶり組の半纏を新調,2026-08-29
https://camp-fire.jp/projects/958470,「助けて」と言えないママへ。母と子が安心して過ごせる場所を大阪市東成区に。,2026-08-29
https://camp-fire.jp/projects/922925,【ママが安心して働ける場所を】hanamaru flowerのアトリエを作りたい,2026-09-02
https://camp-fire.jp/projects/965524,metarium【音宮らな】生誕祭応援プロジェクト2026,2026-07-31
https://camp-fire.jp/projects/857068,廃寺寸前!? 10年時が止まった能登の寺 千手院を復興ツーリズムの拠点へ！,2026-08-29
https://camp-fire.jp/projects/933944,地域スポーツ拠点と交流拠点の創出プロジェクト,2026-08-12
https://camp-fire.jp/projects/948966,捨てられるはずの富田林の恵みを、白砂糖不使用のやさしいジェラートへ。,2026-08-29
https://camp-fire.jp/projects/964120,【世界に挑む日本代表】諦めなかった10年と追い上げの軌跡。世界一への挑戦を応援！,2026-08-29
https://camp-fire.jp/projects/954396,【千葉県1200坪の古民家再生】親子で楽しむ体験宿くすのきをみんなでつくりたい！,2026-08-27
https://camp-fire.jp/projects/951377,全国１００万人のインスリン注射する方へ。アパレルブランドを立ち上げたい！,2026-08-29
https://camp-fire.jp/projects/956207,横浜の閉業した銭湯「仲乃湯」の記憶を残したい,2026-08-29
https://camp-fire.jp/projects/940089,【Vtuber】落ち着く声で究極の癒やしを。シャルノスASMRプロジェクト✧,2026-07-18
https://camp-fire.jp/projects/939875,作れるうちに、残したい革がある。,2026-08-29
https://camp-fire.jp/projects/955506,子どもたちにプロのような舞台を。厚木の少年サッカー大会AGMカップを開催したい！,2026-08-29
https://camp-fire.jp/projects/966551,未来へのエール　命をつなぐ佐伯ジビエ処理場プロジェクト,2026-09-28
https://camp-fire.jp/projects/967317,プエラの絶対値【楠茉夏】生誕祭を盛り上げたい！,2026-07-28
https://camp-fire.jp/projects/961907,中学生が本気で考えた。 東浦のぶどうから始まる、まちおこしプロジェクト！,2026-09-13
https://camp-fire.jp/projects/955946,ラストシーン【優木あずさ】生誕祭応援プロジェクト,2026-07-22
https://camp-fire.jp/projects/951843,スマホゲームを劇的に快適に！MagSafe対応の超軽量2WAYコントローラー,2026-08-29
https://camp-fire.jp/projects/911369,福岡発｜大学スポーツを人と街で支える”学生応援酒場”プロジェクト,2026-07-18
https://camp-fire.jp/projects/967967,「人外」たちを集めて戦う！ダイス×3vs3コマンドバトルRPGを完成させたい！,2026-08-28
https://camp-fire.jp/projects/961945,【近畿大学発】落選から世界へ。 「近大をすすらんか。」五代目店主の挑戦。,2026-08-08
https://camp-fire.jp/projects/943310,漁協×釣り人×アウトドアで挑む！豊川の天然鮎で新城市を盛り上げたい！,2026-08-29
https://camp-fire.jp/projects/923960,委嘱作品を依頼し、第30回定期演奏会で初演演奏を行いたい！,2026-09-26
https://camp-fire.jp/projects/785886,"""元プロ選手""も愛用！世界にひとつ！49カスタムグローブproject",2026-07-24
https://camp-fire.jp/projects/962988,ライバー祭り2026 を盛り上げよう！,2026-08-01
https://camp-fire.jp/projects/948593,孤立をつながりへ変える。神戸・兵庫区発コミュニティ新聞アンツ創刊プロジェクト,2026-08-06
https://camp-fire.jp/projects/961461,【今年の夏に、まだ間に合う】水循環直冷えマット | 数量限定でアンコール公開,2026-08-29
https://camp-fire.jp/projects/949015,軽くてうすい！かけやすさに改良した携帯に便利なモバイルサングラス　新スリムグラス,2026-07-17
https://camp-fire.jp/projects/941333,沖縄から世界へ。MAHOWBREW、国際通り近くへの店舗移転と醸造所拡大に挑戦！,2026-08-29
https://camp-fire.jp/projects/926305,世界第8位峰マナスルへ。山が教えてくれた“自分らしさ”を世界へ届けたい,2026-08-15
https://camp-fire.jp/projects/964855,"規格外だけどおいしいりんごを最後まで届けたい。 りんごぜりぃ1,600個を全国へ",2026-08-10
https://camp-fire.jp/projects/930324,国際マンガグループ「TOKIWASO（ときわ荘）」の合同誌を作りたい！,2026-08-29
https://camp-fire.jp/projects/955395,【TIMEORB】回転球の動きで時を優雅に感じる革新的な機構の自動巻き腕時計,2026-08-28
https://camp-fire.jp/projects/955682,チタンを超える軽さ！風に強くて驚くほど軽い「一生モノの晴雨兼用カーボン長傘」,2026-08-29
https://camp-fire.jp/projects/909270,『おいしいね』をあきらめない未来へ！mogmogレシピ継続PJ,2026-08-29
https://camp-fire.jp/projects/917874,インディーゲームの魅力をリアルで伝えたい！初のオフラインイベントを麻布十番で開催,2026-08-30
https://camp-fire.jp/projects/959034,【8月末お届け！】7種の音波で夏のアウトドアを快適にサポートする全方位バンド,2026-08-23
https://camp-fire.jp/projects/963765,【SHIROMIZAKANA】世界猫生誕祭応援プロジェクト2026,2026-08-09
https://camp-fire.jp/projects/949278,三笠市ご当地アイドル『ぼんDOLL』10周年Project★,2026-07-29
https://camp-fire.jp/projects/900405,でかペルチェがもたらす至高の涼しさ、この夏の本命、高品質ハンディファン登場！,2026-08-29
https://camp-fire.jp/projects/960342,【雑誌創刊】新しい形の音楽インディーマガジンを作りたい,2026-08-29
https://camp-fire.jp/projects/954507,鳥人間に挑む、全国から集結した最強の高校生たちの夢と未来に賭けてみませんか！,2026-09-28
https://camp-fire.jp/projects/951870,推しの勝利を100インチで叫べ！『スポってJunction』 開幕！,2026-08-29
https://camp-fire.jp/projects/956827,子どもの海離れを止める！東浜が挑む「嵐ヶ浜」磯の海水浴場・運営と未来への挑戦！,2026-08-29
https://camp-fire.jp/projects/964972,沖縄の朝を彩る。思い出に残る朝食の場所を提供したい,2026-08-13
https://camp-fire.jp/projects/945717,捨てられる『おから』を『おいしい』に！岐阜・垂井発のおからブランドを立ち上げます,2026-07-18
https://camp-fire.jp/projects/966787,【青森・柴田学園高校 ソフトボール部】総体6連覇から全国へ！挑む生徒にご支援を,2026-08-03
https://camp-fire.jp/projects/965652,幻色シアター【西野みじゅ】生誕祭応援プロジェクト,2026-07-29
https://camp-fire.jp/projects/953491,初めてのワンマンライブを開催し、オリジナル楽曲を初披露したい。,2026-07-31
https://camp-fire.jp/projects/962231,初アベック出場を果たす小山西高校ハンドボール部にエールを送りたい！,2026-08-07
https://camp-fire.jp/projects/963451,<和歌山・片男波>みんなで育てる野外フェス！PICNIC JAM 2026開催！,2026-07-30
https://camp-fire.jp/projects/960988,西日本初のプロアイスホッケークラブが挑む。人生初のアイスホッケー体験を。,2026-08-29
https://camp-fire.jp/projects/924852,あなたの大切な衣類を守る、プロ仕様の保管袋「ビニロン」復活プロジェクト,2026-08-29
https://camp-fire.jp/projects/940250,【路上から世界へ】ジンバブエ女子、ホームレスW杯で自信と仕事を掴む！！,2026-07-20
https://camp-fire.jp/projects/959260,「この香り、記憶に残る」女性の本音から生まれた、男性用香水。YOVEE.,2026-09-18
https://camp-fire.jp/projects/946280,年に1度のお祭り第4回！みんなの推しをグッズ化＆限定アイシングクッキー全国発送！,2026-09-28
https://camp-fire.jp/projects/960169,『雪音りう V』ボカロ化プロジェクト,2026-08-28
https://camp-fire.jp/projects/942538,Waxの限界を超える濡れ艶。SENSE‑R徹底洗車 第2弾カルナバ蝋,2026-10-02
https://camp-fire.jp/projects/947076,耳を塞がない、新しい睡眠の常識。 骨伝導スピーカーSUYA PRO,2026-07-29
https://camp-fire.jp/projects/961650,「うちの子は家族です」を社会に残したい。住民票・手帳・絵本でつくる家族史,2026-08-29
https://camp-fire.jp/projects/961194,福岡市の西南学院近くに「心を灯す小さなモダンメキシカン」をつくりたい。,2026-08-29
https://camp-fire.jp/projects/957820,【支援者と創る美少女サバイバーズ】敗北＝成長「Cielvia」開発に挑む,2026-09-03
https://camp-fire.jp/projects/953046,ヒョウ柄？いいえ、SHIMA柄です。石垣島発セットアップ誕生,2026-08-29
https://camp-fire.jp/projects/931610,楽しい夜も、その翌朝も大切に。 足すより、整えるオールインワンサプリを届けたい,2026-08-21
https://camp-fire.jp/projects/963392,おちゃメンタル☆パーティー【遠山澪香】誕生祭応援プロジェクト,2026-08-26
https://camp-fire.jp/projects/940239,RYO 11周年ライブを特別に。,2026-07-29
https://camp-fire.jp/projects/955651,裾上げによるシルエット崩壊からの解放。低身長のためのイージーワイドパンツ,2026-08-29
https://camp-fire.jp/projects/960685,大石田に、アーティストと旅人が集う滞在・創作拠点「KURUTO」をつくる,2026-08-29
https://camp-fire.jp/projects/956860,アウトドアのプロが本気で考えた「子どもの為の」エマージェンシーKIT【野守り】,2026-08-29
https://camp-fire.jp/projects/961266,朝ごはん子ども食堂プロジェクト 〜 朝ごはんから、頼れる社会へ 〜,2026-08-15
https://camp-fire.jp/projects/953391,目立たない！違和感もない！睡眠中の鼻腔を拡張し快適な呼吸をサポート,2026-07-28
https://camp-fire.jp/projects/955113,バリスタスクール発、生徒の夢の第一歩を支えるコーヒー出店ブランドを作りたい。,2026-08-29
https://camp-fire.jp/projects/961281,一杯のかき氷で人が集う場所を川俣町に。といろ氷店の夢を応援してください！！,2026-08-29
https://camp-fire.jp/projects/888682,くるっとまわすだけで抜かずに整える。長く使える手動式鼻毛トリマー,2026-08-29
https://camp-fire.jp/projects/959908,姫路の街でカオスなライブをやりたいんや！,2026-08-29
https://camp-fire.jp/projects/954391,第35回プリンセスカップー 全国女子大学生が自分らしく挑戦できる場を守りたい！,2026-08-23
https://camp-fire.jp/projects/962582,伊勢志摩・英虞湾に、子どもたちのための「里海のプラットフォーム」を。みんなで創る,2026-08-18
https://camp-fire.jp/projects/933781,ミルクの未来に挑む。北海道の酪農家と、国産オーツミルクを作る,2026-08-29
https://camp-fire.jp/projects/963580,岡山・茶屋町駅前で、昔ながらの夏祭りを開催し子どもたちへ夏の思い出を届けたい！,2026-08-13
https://camp-fire.jp/projects/950165,あの頃の景色を再構築！17歳が挑むコンセプトライブ「MASCARA」,2026-08-29
https://camp-fire.jp/projects/958675,子どもや孫にも同じ景色を。夕日ヶ浦ブルーフラッグ取得へ挑む500人の仲間募集！,2026-09-28
https://camp-fire.jp/projects/953934,【かつらぎ町】起業家・事業者集結！地域再生「ひとまちみらいマルシェ」開催,2026-08-20
https://camp-fire.jp/projects/945549,ブレードも豊富！コンパクトな多機能コードレスカッター＆ポリッシャー！,2026-07-23
https://camp-fire.jp/projects/933496,”ヒメヒナJOJIダンスパーティ2026inTFTホール”を開催したい！,2026-08-15
https://camp-fire.jp/projects/952063,"【ライフマスタリー手帳】1,948人の声で誕生！新セルフコーチング手帳",2026-08-28
https://camp-fire.jp/projects/962223,全国へ挑む高校生の食環境を守る。食堂は再開した。でも、本当の挑戦はここから。,2026-08-16
https://camp-fire.jp/projects/965557,「旅道具と人 HouHou」築80年の古民家へ！移転で挑む２度目の店づくり,2026-08-13
https://camp-fire.jp/projects/952324,【84歳、最後の挑戦】白狐がARで動く、神社参道25mの壁画を描きたい！,2026-08-23
https://camp-fire.jp/projects/877837,"1,500頭の蝶と熱狂の2日間。第１回 むし万博を和歌山県紀美野町で開催します！",2026-09-25
https://camp-fire.jp/projects/959557,【会議資料を秒でデータ化！】A3対応折りたたみスキャナー,2026-08-29
https://camp-fire.jp/projects/966521,たけもと農場と農業の未来を変えよう。親子の絆を未来へ繋ぐ事業承継プロジェクト！,2026-08-16
https://camp-fire.jp/projects/923453,「競技か、キャリアか。」その二択を終わらせたい。Dual Grit FCの挑戦,2026-07-23
https://camp-fire.jp/projects/944782,あの日の続きを、300人で。音降る山フェス、もう一度挑戦します,2026-07-18
https://camp-fire.jp/projects/866119,頑張るきみを癒しにきたよ♪ふわりんましゅビッグクッション化プロジェクト！,2026-07-18
https://camp-fire.jp/projects/952404,【出版プロジェクト】82歳現役美容師、人生をかけて伝えたい「白髪との付き合い方」,2026-08-09
https://camp-fire.jp/projects/950573,冬の外気浴を変える！“足先の冷え”を守る1枚4役サウナギア SATTOPATTO,2026-09-04
https://camp-fire.jp/projects/955300,熊本「IBCレイカーズ」全国の舞台へ！小学生の甲子園で勝利の感動を皆で掴みたい！,2026-08-14
https://camp-fire.jp/projects/937795,解き放て！子どもの好きと自信　自然とぬくもりの体験教室　新しいここからリスタート,2026-07-29
https://camp-fire.jp/projects/945523,湘南・茅ヶ崎からHula Oni’E ハワイ大会総合優勝を目指す！,2026-08-09
https://camp-fire.jp/projects/948259,三層フラクタル構造で、どんな形状も自在にホールド！クランプ式バイス,2026-07-29
https://camp-fire.jp/projects/943970,いつでも甘いボイスが聞けちゃう♪れおさんぬいぐるみ,2026-08-09
https://camp-fire.jp/projects/943320,【横浜×有機ワイン】150人の仲間と未来の農業を育てる挑戦！,2026-08-22
https://camp-fire.jp/projects/953506,【みんなと作る5周年MV】Juny-a渋谷ワンマンライブ＆MV制作プロジェクト,2026-07-29
https://camp-fire.jp/projects/928628,デッドストック革を愛着の湧くモノへ。軽くて柔らか！くたっと心地よい本革ショルダー,2026-08-09
https://camp-fire.jp/projects/930505,デビュー10周年記念！全国サイン会ツアー応援プロジェクト,2026-08-29
https://camp-fire.jp/projects/958885,【福島・二本松市】震災後の子どもたちへ、自然と遊ぶ体験施設をつくりたい。,2026-08-29
https://camp-fire.jp/projects/964937,「地元とご縁を結ぶ」地域共創型フードフェスを、皆さまと一緒につくりたい！,2026-08-09
https://camp-fire.jp/projects/965649,極薄5.5mm！大容量5000mAh！次世代半個体電池搭載で薄さと安全性を追求！,2026-08-29
https://camp-fire.jp/projects/967999,舞台「彼女のいない教室」公演DVD化プロジェクト,2026-09-28
https://camp-fire.jp/projects/966168,SAKURADOLL『桜花爛漫』Zepp Shinjukuワンマンプロジェクト,2026-08-08
https://camp-fire.jp/projects/963862,装着するだけEMSであご下フェイスラインに集中アプローチ。若々しくフェイスケア,2026-10-05
https://camp-fire.jp/projects/958569,人生を、本にする。 氣質診断士1人1冊出版プロジェクト,2026-07-29
https://camp-fire.jp/projects/955674,愛媛発。5月24日デビュー！PIMURIのオリジナル音楽でみんなを笑顔に!,2026-07-22
https://camp-fire.jp/projects/958570,【未来へつなぐ】静岡市立高校と在校生を同窓会の力で守り抜く支援プロジェクト！,2026-09-28
https://camp-fire.jp/projects/959147,岸里 美優生誕祭応援プロジェクト,2026-07-23
https://camp-fire.jp/projects/942690,身延より、愛を込めて。 ～受け取った愛を、次の笑顔へ。～,2026-07-19
https://camp-fire.jp/projects/958411,一緒にまったりしようぺえ〜♪ともペンクッションブランケット化プロジェクト！,2026-07-24
https://camp-fire.jp/projects/959040,【関西学生アカペラサークル】ライブ開催に向けてご支援のお願い,2026-08-10
https://camp-fire.jp/projects/960039,杉並区の高齢者と犬が共に暮らせる地域づくり,2026-09-28
https://camp-fire.jp/projects/950891,【碧志摩メグ】12年の逆境を乗り越え、世界へ。皆様と共に歴史を切り開きたい！,2026-07-29
https://camp-fire.jp/projects/966561,【山形県から全国へ】VC酒田、男子バレー初の大舞台に挑む！,2026-09-17
https://camp-fire.jp/projects/948166,フリースクールふふふる～むの運営を継続したい,2026-08-19
https://camp-fire.jp/projects/961941,【日本製・免許不要】座って乗れる電動バイク、坂道も段差も自転車を超える快適さ,2026-09-28
https://camp-fire.jp/projects/914428,限界突破サバイバー×殺陣 『BAJARAIKA』｜新感覚アクション映像制作,2026-09-28
https://camp-fire.jp/projects/957988,宮崎の文化を未来の子ども達へ！博物館・美術館のデジタル化と教育支援プロジェクト！,2026-08-29
https://camp-fire.jp/projects/953335,人口約3万人・福島のへそのまちから、福島県の入口となるカフェ＆バルを目指します,2026-08-26
https://camp-fire.jp/projects/951500,ポンコツコンポ【甘杉あぽろ】生誕祭応援プロジェクト,2026-07-20
https://camp-fire.jp/projects/886687,完全新作『ぎゅわんぶらあ自己中心派 ドランプ帝国をわからせろ！』 支援者大募集！,2026-08-29
https://camp-fire.jp/projects/947651,YOKOSUKA REGGAE BASH 2026「未来への種蒔き」,2026-09-07
https://camp-fire.jp/projects/967104,一世工業【Re:start Project】｜CDじゃない。アルバムブック体験,2026-08-29
https://camp-fire.jp/projects/945459,長野・須坂の果物カフェ誕生へ。旬の一杯を届ける場所をつくりたい,2026-08-29
https://camp-fire.jp/projects/968129,虫が嫌がるデバイス≪最終形態≫５万Hzまで網羅した知覚アプローチ！超小型虫バリア,2026-08-09
https://camp-fire.jp/projects/937334,東経135度付近兵庫県神河町「素」（ス）に還る場所を創る。ミロクの郷プロジェクト,2026-08-28
https://camp-fire.jp/projects/947876,JRFUクラファン第2弾｜全国の子どもたちに「ラグビーとの出会い」を届けたい,2026-09-28
https://camp-fire.jp/projects/959497,梅田から約15分、庄内に猫と人の居場所をつくりたい,2026-08-29
https://camp-fire.jp/projects/935171,今年の夏に神戸で学生の野外音楽フェス「神戸音学祭」を開催し、街を盛り上げたい！,2026-08-13
https://camp-fire.jp/projects/965231,孤独なアラサー女子が週２で富士山登頂に挑む！皆さまに勇気と絶景写真を届けたい！,2026-07-25
https://camp-fire.jp/projects/961531,僕には通じない【来玲町しあり】生誕祭支援プロジェクト,2026-08-02
https://camp-fire.jp/projects/888620,廃校の体育館にもう一度灯りを。北秋田の屋内スケートパークを未来につなげる！,2026-07-29
https://camp-fire.jp/projects/864176,「大阪心斎橋」に整う時間をSÖT COFFEE新店舗を一緒に生み出すプロジェクト,2026-08-11
https://camp-fire.jp/projects/944068,松本の日本ラジオ博物館を未来へつなぐ新館移転計画,2026-09-18
https://camp-fire.jp/projects/960696,水城高校サッカー部 公式戦ユニフォーム作製の資金を集めたい,2026-08-11
https://camp-fire.jp/projects/937694,山形市内の選手を中心に女子中学生がバレーボールで輝けるチームを目指します！,2026-08-12
https://camp-fire.jp/projects/954532,【氷撃】Freeze Tech｜着る暑さ対策。日常に馴染む空調ウェア,2026-08-29
https://camp-fire.jp/projects/963208,藤女子大学花川キャンパス　最後の藤花祭を、学生・卒業生・地域で盛り上げたい！,2026-08-29
https://camp-fire.jp/projects/947564,「滋賀県多賀の大地から、笑顔を育てる。神がかったアスパラプロジェクト」,2026-07-24
https://camp-fire.jp/projects/945881,【福岡】チャレンジド・アートのアトリエ＆こども食堂を建設したい,2026-07-29
https://camp-fire.jp/projects/946579,【第26回志段味納涼夏まつり】志段味の花火を未来へつなぎたい！,2026-07-29
https://camp-fire.jp/projects/960977,貼るだけ＆フタを閉めるだけ！家族のための自動UVライトでトイレケア,2026-08-29
https://camp-fire.jp/projects/966005,江戸川ハンドボールクラブ全国初出場、全国優勝を目指す！,2026-08-13
https://camp-fire.jp/projects/923030,【声のお仕事が見つかる場所を作りたい】音声売買サービス「ボイスマーケット」開発,2026-08-29
https://camp-fire.jp/projects/966620,あなたが「恋に落ちる」瞬間をつくりたい！ 【白餅だんご初リアルワンマンライブ】,2026-08-29
https://camp-fire.jp/projects/967719,豪雨で中止、北海道美唄市で予定していた音楽フェスSORAONを続けたい。,2026-08-15
https://camp-fire.jp/projects/964165,法政二高ハンドボール部、インターハイ優勝にむけての応援プロジェクト,2026-08-14
https://camp-fire.jp/projects/957352,【絵と言葉の贈りもの】日本各地で100点以上の作品を贈ったアーティスト、海外へ！,2026-08-08
https://camp-fire.jp/projects/953415,爪で極める好印象！『毎日爪切り』がさらに進化した！ EZ Clipper 803,2026-07-29
https://camp-fire.jp/projects/957489,個人Vtuberの3Dライブをもっと身近に、もっと高品質に。,2026-07-24
https://camp-fire.jp/projects/956531,京炎そでふれ！京小町　〜おの恋初挑戦！！〜,2026-08-29
https://camp-fire.jp/projects/962258,フィンランドの田舎街Kotkaで日本文化を広める架け橋になりたい！,2026-08-19
https://camp-fire.jp/projects/961278,武雄市の子育てコミュニティーカフェプロジェクト,2026-08-15
https://camp-fire.jp/projects/947018,日本から世界へ！6人で掴む“最後の世界挑戦”を、どうか一緒に戦ってください。,2026-08-12
https://camp-fire.jp/projects/942150,絶品まちぎわジビエをあなたに。小動物ジビエの「とろける低融点脂」を全国へ届けたい,2026-08-29
https://camp-fire.jp/projects/947143,恩地食品100年の歩みを書籍でたくさんの人に届けたい！,2026-07-29
https://camp-fire.jp/projects/930252,愛媛で育てた本物のケール青汁を冷凍技術で全国へ届ける挑戦,2026-07-24
https://camp-fire.jp/projects/950149,【BUZZ-ER.】10周年記念!限定復活イベント「ブザフェス」応援プロジェクト,2026-08-14
https://camp-fire.jp/projects/958447,【常識を覆すマニュアル調光】UVカット車内でも9段階に色が変わる偏光サングラス,2026-08-29
https://camp-fire.jp/projects/963259,あなたの新たな一歩目の成功を応援するレンタルサロンを東梅田にオープンしたい！,2026-08-29
https://camp-fire.jp/projects/929090,【岩手県一関市】焼肉？いいえ､本格BBQ！｢集まる場｣を届けるフードトラック,2026-07-21
https://camp-fire.jp/projects/954180,明治の町家の灯りを守りたい——温泉津シェア文庫「本と舍」屋根修繕プロジェクト,2026-07-28
https://camp-fire.jp/projects/965687,【リベンジの夏】日本一への挑戦　 第43回全日本少年軟式野球大会挑戦プロジェクト,2026-08-29
https://camp-fire.jp/projects/963506,川島道行10周忌。BOOM BOOM SATELLITESの続きをあなたと鳴らす,2026-10-08
https://camp-fire.jp/projects/968419,iON!【透明くりあ】生誕祭応援プロジェクト,2026-09-21
https://camp-fire.jp/projects/962063,【岩手発】やきいもボーイ×PIZZA BOY 人が集うガレージ宿をみんなで作る！,2026-08-29
https://camp-fire.jp/projects/961491,日本一になったビートボックスのクルーが日本代表として世界大会へ挑戦!!,2026-08-29
https://camp-fire.jp/projects/947887,【新所沢駅徒歩1分】人気店で修行した46歳の挑戦！濃厚魚介つけ麺「丸武」OPEN,2026-08-29
https://camp-fire.jp/projects/951523,障害のある方が職人技術で誇りを持つ社会へ,2026-08-29
https://camp-fire.jp/projects/942642,数値で測れるエイジングケア！テロメアから始まる健康習慣。,2026-07-29
https://camp-fire.jp/projects/957421,古銭であやかし退治！Steam版「古銭プッシャー外伝」先行発売プロジェクト,2026-08-04
https://camp-fire.jp/projects/962669,"包装機械メーカーが地元神戸で日本酒に挑戦。“一合缶”日本酒を1,000人に届ける",2026-08-21
https://camp-fire.jp/projects/960212,空気入れ・ジャンプスタート・照明・充電。1台で全てをこなすエアポンプ「M182」,2026-08-29
https://camp-fire.jp/projects/920762,どん底からパリへ 2年半で億を叶えた「子宮と心の整え方」大山葎子出版プロジェクト,2026-07-29
https://camp-fire.jp/projects/964654,【元アイドルSSW】希羽そら1stアルバム、みんなで最高のワンマンを作りたい！,2026-08-29
https://camp-fire.jp/projects/955305,10月開催ダンスイベント成功＆安心安全に通えるスクール作りプロジェクト,2026-07-29
https://camp-fire.jp/projects/950620,末期癌の伊藤智生/TOHJIRO、妻・朝岡実嶺主演映画の最速試写会プロジェクト,2026-07-29
https://camp-fire.jp/projects/964608,古谷三敏生誕９０周年記念展　吉祥寺で原画の魅力を届けたい,2026-08-29
https://camp-fire.jp/projects/947254,『せれくとKiss』をシナリオ等ボリュームアップした完全版を作りたい！,2026-07-24
https://camp-fire.jp/projects/964843,Anluce♡Sugar里りんか生誕ライブプロジェクト,2026-08-26
https://camp-fire.jp/projects/953656,【WAMELL】病気と向き合う子供達へ笑顔のエールを届けたい,2026-08-21
https://camp-fire.jp/projects/959997,もう一度、世界へ。第2回 3V3 ストリートサッカーW杯に挑む。,2026-08-08
https://camp-fire.jp/projects/959521,そこにいるだけで少し平和！(((はげしい)))キーウィぬいぐるみ化プロジェクト,2026-07-24
https://camp-fire.jp/projects/954475,ひと口飲めば人生観が変わる、デンマーク発のラム酒。人生で一度は試すべき1本,2026-07-29
https://camp-fire.jp/projects/941890,すべての子どもに“感じる力”を。0才からの舞台《Kaow Kome》を世界へ！,2026-07-25
https://camp-fire.jp/projects/963385,【JBCC2026】ビジネススクール生が本気で挑む学びの場を一緒につくりたい,2026-08-20
https://camp-fire.jp/projects/956943,【利府うまうま祭】100年続く地域の祭りを共に育てたい,2026-08-29
https://camp-fire.jp/projects/959558,爆速カードリーダー×耐衝撃カードケース！SDカードデータはその場で即保存！,2026-08-29
https://camp-fire.jp/projects/935944,「ガメラ」シリーズを未来へ！ ガメラ永久保存化プロジェクト FINAL,2026-08-29
https://camp-fire.jp/projects/962593,トップオープンで３秒で荷物を出し入れ！スマートさを極めたトランクキャリー,2026-09-21
https://camp-fire.jp/projects/959358,今年は瓶ビール&オンライン販売に挑戦！天瀬モモオリジナルビール制作第二弾！,2026-08-09
https://camp-fire.jp/projects/967149,急性リンパ性白血病。それでもヒタチノ釣りチャンネルを続けたい。,2026-09-04
https://camp-fire.jp/projects/968967,服部フェス2026を成功させたい！,2026-07-29
https://camp-fire.jp/projects/896817,神戸元町のプロレスカフェBAR「RING SOUL」リニューアル支援プロジェクト,2026-08-14
https://camp-fire.jp/projects/961020,火もお湯も不要！大型弁当や丼も80度で温め持ち運べる「どこでも電子レンジBIG」,2026-10-09
https://camp-fire.jp/projects/962177,秋田名物いぶりがっこを製造過程丸ごと宝に変える「秋田県ジン」をつくりたい！,2026-08-19
https://camp-fire.jp/projects/945580,能登に希望の果樹園を。震災から3年、地域と未来を育てたい。,2026-07-29
https://camp-fire.jp/projects/950566,【カレーの女神】子ども食堂へ笑顔と幸せを届ける寄付プロジェクト！,2026-07-24
https://camp-fire.jp/projects/964520,【アカペラコンテストハルモネア】アカペラの魅力を世界へ！,2026-08-29
https://camp-fire.jp/projects/963861,福島の女の子が輝く！ふくびの夏まつりを開成山公園で開催,2026-07-31
https://camp-fire.jp/projects/932065,障害・病気・高齢でも社会とつながり働ける場を作りたい！スマイルワークプロジェクト,2026-07-29
https://camp-fire.jp/projects/946790,信州生坂村発！一度食べたら忘れられない「種あり巨峰」の濃厚な味わいと技術を未来へ,2026-07-29
https://camp-fire.jp/projects/969451,全国大会から世界へ。中学生ランナー髙橋希ノ葉の挑戦を応援してください。,2026-09-28
https://camp-fire.jp/projects/944780,失われた基礎運動能力を裸足トレーニングで取り戻す,2026-08-14
https://camp-fire.jp/projects/856691,AFRICA COLAを缶にしてアフリカと乾杯できる人を増やしたい！！,2026-07-24
https://camp-fire.jp/projects/955071,[焼き鳥のカゼ][カゼ]の焼鳥業態でも共に大鳥居を盛りあげたい！商店街ラブ！,2026-07-23
https://camp-fire.jp/projects/966330,ワインだけでは続かない。小さなワイナリー再編プロジェクト。,2026-08-29
https://camp-fire.jp/projects/965414,デスクトップで20W高速・高精度レーザー金属彫刻機「SCULPFUN G20」,2026-08-29
https://camp-fire.jp/projects/959894,父の本格的な味を守りつつ、旬を感じることのできる中華バル再開！,2026-09-28
https://camp-fire.jp/projects/950697,【孤立ゼロ】札幌・発寒発！子どもから高齢者まで集える 私設公民館プロジェクト,2026-07-29
https://camp-fire.jp/projects/950371,地域を守るヒーロー「キャンダー」を次のステージへ。新スーツ制作プロジェクト！,2026-07-29
https://camp-fire.jp/projects/935975,"【ウェルFar""M""】農業・健康・家族の10年後。全部、同じでした",2026-07-29
https://camp-fire.jp/projects/968407,第十四回 野村道場を8月22日(土)横浜武道館で2年ぶりの開催！,2026-08-14
https://camp-fire.jp/projects/961328,最後の森が消える前に。開発が迫る土地を買い、野生動物のすみかを守りたい！,2026-08-23
https://camp-fire.jp/projects/934877,お茶の品質で選ぶアフタヌーンティーアワード、審査員参加で業界を変える！,2026-08-22
https://camp-fire.jp/projects/955843,子供たちのために！【岩谷麻優】山口県美祢市での凱旋大会を開催したい！,2026-09-08
https://camp-fire.jp/projects/935144,東雲怜弥さんデビュー5周年お祝い広告プロジェクト,2026-07-31
https://camp-fire.jp/projects/965770,【大森杏子の妹沼の世界】きなこと東北きりたんの竹駒神社『初詣』巫女プロジェクト！,2026-08-28
https://camp-fire.jp/projects/966805,【世界3位では終われない】22年勤めたJRを退職。48歳柔術家、世界一への挑戦！,2026-08-16
https://camp-fire.jp/projects/965825,小楽 利休太 20cmぬいぐるみプロジェクト,2026-08-29
https://camp-fire.jp/projects/942568,濡れ艶と整えた塗装を守る。艶守TSUYAMORIグラフェンコート,2026-10-09
https://camp-fire.jp/projects/962170,J-POPを世界へ。 高瀬統也 5th Album『∞』を一緒に完成させよう！,2026-09-23
https://camp-fire.jp/projects/967738,歌声が旅をする。出会った歌声を一つの歌につなぐ、九州一周プロジェクト。,2026-08-29
https://camp-fire.jp/projects/914583,弘前の狩猟シェフと創るジビエ食文化拠点を応援！,2026-09-28
https://camp-fire.jp/projects/851700,劇団『遅咲会』最大の挑戦！新宿シアタートップスでの本公演を最高のステージに！,2026-10-10
https://camp-fire.jp/projects/952407,「これ、私が選んだ靴」フィリピンの子ども100人に、自分で選ぶ喜びを贈りたい！,2026-08-29
https://camp-fire.jp/projects/941540,立山の感動を音楽で世界へ。富山発MVプロジェクト,2026-10-09
https://camp-fire.jp/projects/936162,立川で15年愛された老舗焼鳥店「けむり」が新天地で挑む60年継承の味と新たな挑戦,2026-08-15
https://camp-fire.jp/projects/965033,神楽坂に、店内席を設けたDonish Coffee Company 2号店を！,2026-08-08
https://camp-fire.jp/projects/965250,「まさか私たちが」——無名のガールズバンドが、カナダ行きの特別枠へ。,2026-08-29
https://camp-fire.jp/projects/967747,8月、海老名駅前をジャック。植物・音楽・アートが交わる新しいカルチャーへの挑戦。,2026-08-13
https://camp-fire.jp/projects/966610,【子どもたちの“居場所”を守る】仙台の3rdプレイス カレー屋を移転存続！,2026-09-28
https://camp-fire.jp/projects/954311,石巻市飯野川商店街の築50年のレトロな空き家でエシカルな複合施設をつくります。,2026-07-29
https://camp-fire.jp/projects/954468,東北のウイーン（仮）。震災から15年、次世代の希望を映画で表現。,2026-07-29
https://camp-fire.jp/projects/959332,岡山県勝央町で開催される「LIG」祭りを通して人生の素晴らしさを感じてほしい！,2026-09-03
https://camp-fire.jp/projects/957046,晴れの国・岡山で、2026年もレインボーフェスタ・パレードを開催したい！,2026-07-29
https://camp-fire.jp/projects/819895,【“いつもと違う”を見逃さない】AI健康相談で気づく、ペットのSOS。,2026-08-29
https://camp-fire.jp/projects/954671,かとちゃんのえほんキャラバン（移動図書館）で１人でも多くの人を笑顔にしたい！,2026-09-28
https://camp-fire.jp/projects/956298,【ソロ】のためのカフェ＆【みんな】で絆を深めよう民泊『ZENOVA』を開業！,2026-08-29
https://camp-fire.jp/projects/953924,26歳の出版プロジェクト。生きづらさの中で掴んだ「現実創造の仕組みと宇宙の法則」,2026-08-29
https://camp-fire.jp/projects/958030,【あなたも歴史の一部に】藤沢で始まる音楽×カクテルの会員制Bar創業メンバー募集,2026-07-29
https://camp-fire.jp/projects/952862,初心者から上級者まで。誰もが楽しめるボードゲームスペースを福岡につくりたい！,2026-08-24
https://camp-fire.jp/projects/961334,Pororocaフルアルバム「エンバディ」MV制作＆初の全国流通を実現したい！,2026-08-29
https://camp-fire.jp/projects/949998,今日、あなたを、愛そう。第6回 金沢プライドパレードを一緒につくりたい。,2026-07-29
https://camp-fire.jp/projects/952315,交野のホップで、交野のビールを。【市民とつくる交野ビール】プロジェクト,2026-08-06
https://camp-fire.jp/projects/942930,“歯科医療MaaS” O-Gaiの挑戦！100人の入れ歯難民を救いたい！,2026-08-28
https://camp-fire.jp/projects/954227,“いつものおやつ”が、もしもの時にも。グルテンフリー米粉ビスコッティを広めたい,2026-07-29
https://camp-fire.jp/projects/949470,関係性の毒素について遊びながら学べるワークショップを全国に広めたい！,2026-07-29
https://camp-fire.jp/projects/969246,PinkySpice【姫野心愛】誕生祭応援プロジェクト,2026-08-28
https://camp-fire.jp/projects/925040,【世界中の剣道家へ届けたい！】剣道のオーダー審判服専門ブランド「交剣知玄」,2026-07-29
https://camp-fire.jp/projects/967164,“全員が主役”久留米スターズ中等部 少人数の挑戦、奇跡の全国大会へ！,2026-08-29
https://camp-fire.jp/projects/958384,あなたの応援が、高津川を日本一美しい夜空にする,2026-08-29
https://camp-fire.jp/projects/959608,GUMI・がくぽ・ウナ 3Dライブ『 Lively Paradise 2027』,2026-09-28
https://camp-fire.jp/projects/961802,【大田区蒲田】癌で闘病中。割烹「海幸と旬彩」板前の再起のために力を貸してください,2026-08-29
https://camp-fire.jp/projects/946712,着飾らず、爽やかに。ミドル世代の清潔感は、白パンツで戦略的に！,2026-08-29
https://camp-fire.jp/projects/951917,みんなが「乾杯！」できる場所を！愛知県清須市でクラフトビール事業を始めたい！★,2026-08-29
https://camp-fire.jp/projects/955692,エステでもない。 整体でもない。 「背骨リメイク」を全国へ届けたい！,2026-08-29
https://camp-fire.jp/projects/945597,きょうだい児が気づかせてくれた「ごめんね」「ありがとう」を絵本にしたい！,2026-09-13
https://camp-fire.jp/projects/959852,ZUTTOMOTTO【四宮える】生誕祭応援プロジェクト,2026-08-03
https://camp-fire.jp/projects/915123,しゅー団オフイベント2026 -しゅー団井戸端会議-,2026-08-29
https://camp-fire.jp/projects/965547,努力は裏切らない。南信州から全国大会へ！,2026-08-28
https://camp-fire.jp/projects/936864,覚える勉強から楽しい学びへ！ダジャレで覚える首都と国名動画制作プロジェクト,2026-07-29
https://camp-fire.jp/projects/959319,[第47回川辺おどり花火大会]飛騨川に大輪の花を咲かせたい！開催資金のご協力を！,2026-09-16
https://camp-fire.jp/projects/945331,【桜川真壁】３代続く写真館が創る地域共創写真集「地元発見」出版プロジェクト,2026-07-29
https://camp-fire.jp/projects/948337,簡単ボリュームUP！自信がモテる！薄毛専門美容師が開発した魔法のヘアミスト,2026-07-29
https://camp-fire.jp/projects/966107,映画上映会でメンタルヘルスを考える場を作りたい！【世界メンタルヘルスデー】,2026-10-08
https://camp-fire.jp/projects/959052,【PRIDE JAPAN 全国選抜大会】 西ファイターズ全国制覇へ挑戦,2026-08-16
https://camp-fire.jp/projects/964886,全国連覇へ挑戦！埼玉武蔵リトルリーグ浦和「MLB CUP」応援プロジェクト,2026-07-31
https://camp-fire.jp/projects/966232,【Re:bellious】成瀬れあ生誕祭応援プロジェクト,2026-08-08
https://camp-fire.jp/projects/966057,世界へ届ける、次世代の津本式。,2026-08-10
https://camp-fire.jp/projects/971234,【令和8年熊本地震】緊急災害支援金,2026-09-23
https://camp-fire.jp/projects/971260,【M7.1 熊本地震】緊急支援を開始。被災地へご支援を,2026-09-23
https://camp-fire.jp/projects/955864,調布国際音楽祭　若き才能にエールを！調布から世界に響く音楽祭を共に創りたい,2026-07-27
https://camp-fire.jp/projects/969590,ポンコツコンポ【晴後あめ】生誕祭応援プロジェクト,2026-09-06
https://camp-fire.jp/projects/970635,全国大会出場へ！FC ISHIGAKI 九州大会遠征資金支援お願い！,2026-08-21
https://camp-fire.jp/projects/950128,南知多・大井に、食とものづくりを楽しむ拠点「MAAK」をみんなでつくりたい！,2026-10-05
https://camp-fire.jp/projects/963771,安楽死はさせない。不自由なカラダで生まれた仔牛の命を食卓へ繋げる、繁殖農家の挑戦,2026-08-29
https://camp-fire.jp/projects/939355,10年使っても型崩れしない、本革本物クロコダイル財布、旅にも強い、限定100,2026-08-29
https://camp-fire.jp/projects/962167,【ガールズバンド】「pippinCode」デビューライブ＠渋谷応援Project,2026-08-19
https://camp-fire.jp/projects/966209,Pastel Closet【仁科美都】生誕祭応援プロジェクト,2026-08-26
https://camp-fire.jp/projects/961258,【-22℃の漆黒涼傘】炎天下でも１秒で涼しいオアシス！紫外線・熱線も遮断する,2026-07-29
https://camp-fire.jp/projects/941711,【百年残したい風景】香川県の丸亀を舞台に描く映画『彩雲～幸せな未来へ～』製作支援,2026-07-29
https://camp-fire.jp/projects/951741,【ワンコインで保護猫救済】写真家×あなたのご支援で猫にずっとのおうちを届けたい,2026-07-27
https://camp-fire.jp/projects/956694,【魔法少女は40歳】【モダンタイムス】【はなまる劇場】目指せ全国上映ツアー！,2026-07-29
https://camp-fire.jp/projects/947739,「これ食べたい！」をすべての子どもへ。全国に届けるアレルギー対応食プロジェクト！,2026-09-28
https://camp-fire.jp/projects/968226,【宇部RT】第33回全国クラブチームサッカー選手権初出場の遠征費支援を！,2026-09-15
https://camp-fire.jp/projects/936065,猫たちの命を守るため、猫たちのおかん”もまま”の想いを引き継ぎます,2026-07-29
https://camp-fire.jp/projects/912102,【石垣島】郷土芸能部全国大会遠征プロジェクト,2026-07-29
https://camp-fire.jp/projects/969399,一杯の珈琲から、人が自分らしく立ち止まれる時間を。このまち平塚に増やしていく。,2026-08-26
https://camp-fire.jp/projects/957465,【上田西高校サッカー部】悲願の人工芝化！ベスト4を超え、全国の頂点へ,2026-08-29
https://camp-fire.jp/projects/921540,701に元気を集めたい,2026-09-28
https://camp-fire.jp/projects/966928,【再起のぶどう園】2026年秋　訳ありシャインマスカットお届けプロジェクト,2026-08-13
https://camp-fire.jp/projects/957137,20年描き続けた孤独と希望の幻想世界を、動く物語にして世界へ,2026-08-22
https://camp-fire.jp/projects/961070,地域巻き込み型イベント第2弾「さぬきVTuberフェス2026」,2026-07-29
https://camp-fire.jp/projects/952947,【廃校再生】国東半島の旧双国高校体育館をアートホールに！,2026-09-11
https://camp-fire.jp/projects/951181,日本の唐揚げを世界の日常へ。ギリシャ発「Mochix」世界展開プロジェクト,2026-07-29
https://camp-fire.jp/projects/940458,24家族の愛おしい瞬間を映す映像プロジェクト｜HotCakeFilms,2026-09-11
https://camp-fire.jp/projects/969179,きゅんﾀﾋに一生を︎!?すいむ生誕祭,2026-08-07
https://camp-fire.jp/projects/948795,“古着屋がタイルの町、多治見市笠原町で暮らしを編集する拠点をつくる！”,2026-08-29
https://camp-fire.jp/projects/967115,健康経営を「続く仕組み」に。企業を支える健康経営DXポータルを全国へ広めたい！,2026-08-29
https://camp-fire.jp/projects/954483,世紀を超えて父から子へ。鏡神社1800年の歴史を次世代に繋ぎたい！,2026-08-29
https://camp-fire.jp/projects/921717,NooNico【環 ゆら】生誕祭応援プロジェクト,2026-08-19
https://camp-fire.jp/projects/949561,座長、77歳、人生最後の挑戦「高天原志学舎」。日本を愛する人を一人でも増やしたい,2026-07-29
https://camp-fire.jp/projects/970161,iLiFE!【空詩かれん】生誕祭応援プロジェクト,2026-09-11
https://camp-fire.jp/projects/908655,しみにくさ・色素沈着に配慮。新しいまつ毛ケア【NOBIRULASH】,2026-08-29
https://camp-fire.jp/projects/927619,愛犬と過ごす時間を、もっと濃く。愛犬と特別な1日を楽しめる空間を作りたい,2026-08-29
https://camp-fire.jp/projects/968366,インテリアにも馴染む♪ふわんわんティッシュケース化プロジェクト！,2026-08-28
https://camp-fire.jp/projects/946965,【JAPAN SUMMER LEAGUE】甲子園に届かなかった球児へ輝く夏を！,2026-08-13
https://camp-fire.jp/projects/967069,電エースシリーズ最新作『電エースレッド』製作支援者募集,2026-08-29
https://camp-fire.jp/projects/970411,石垣島から全国へ。ダンス部の夢を応援してください！,2026-08-29
https://camp-fire.jp/projects/967449,15年目の新たな挑戦。信州の食×世界のラムを楽しむレストラン「蓮や」へ,2026-09-18
https://camp-fire.jp/projects/945423,多古町の耕作放棄地を復興し、日本の里山とおいしいお米を次世代へ。,2026-08-27
https://camp-fire.jp/projects/966046,9ポケット多収納！スマホが「秒」で取れる軽量帆布ショルダーバッグ,2026-09-28
https://camp-fire.jp/projects/957542,【二階健 新章】映像へ本格復帰とAnatomic Circus東京復活に挑戦！,2026-08-20
https://camp-fire.jp/projects/968563,綾の雛山と神楽を、ベトナムへ ― 土着の「ほんもの」を届ける旅,2026-09-05
https://camp-fire.jp/projects/953220,未完成だからこそ共に育てたい！猫尿健康チェックシート『JINにゃんサイン』,2026-08-20
https://camp-fire.jp/projects/968469,パラディーク【浜辺しずく】生誕祭応援プロジェクト,2026-08-30
https://camp-fire.jp/projects/954762,オーストラリア・ケアンズのBon Danceから始まる、新しい《長崎の物語》,2026-08-28
https://camp-fire.jp/projects/962168,【全天候型バックパック第2弾】最大−9.9℃実証。AGS搭載で重さも軽減！,2026-09-28
https://camp-fire.jp/projects/948812,まどそふと最新作『カフェトリカルカフェ』制作プロジェクト,2026-09-28
https://camp-fire.jp/projects/955548,JOY-CONの軽快さ × フルサイズ級の操作感、Switch 2をもっと自由に,2026-09-28
https://camp-fire.jp/projects/948475,くるるてんてースペースバルーンで宇宙の入り口・成層圏へクラファンプロジェクト！,2026-08-28
https://camp-fire.jp/projects/961613,闘病中も音楽を貫く、Toyo草薙の新作CD制作完成プロジェクト,2026-09-18
https://camp-fire.jp/projects/959093,お客様を店内へ迎えたい。小さなお菓子屋kotiの挑戦,2026-09-28
https://camp-fire.jp/projects/959370,通り過ぎるだけの街と言われた街に【避ス地】をつくりたい。,2026-10-13
https://camp-fire.jp/projects/950579,「みんなの想いを一つに」最高のホームアリーナをつくろうプロジェクト,2026-07-30
https://camp-fire.jp/projects/948570,専門学生と子どもが創る第三の居場所づくり,2026-08-18
https://camp-fire.jp/projects/965964,【福山沙織20周年】旧曲×新曲フルアルバム制作プロジェクト,2026-09-05
https://camp-fire.jp/projects/939841,【新発想】ワンちゃんの“ちょい抱っこ”が叶う2WAY仕様おでかけバッグ誕生,2026-07-30
https://camp-fire.jp/projects/966213,【池袋・新装開店】メイド服一新で迎える新生Bar、応援大募集！,2026-08-29
https://camp-fire.jp/projects/955517,延岡で「助けて」と言えない子ども家庭を地域で支え続けたい。,2026-07-30
https://camp-fire.jp/projects/955556,【元アイドルの挑戦】小山星流の「せいちゃんずCREPE」を浅草にオープン！,2026-07-30
https://camp-fire.jp/projects/951349,【自宅完結ジム受け放題で-5歳】今の自分を愛し未来にワクワクする人を増やしたい！,2026-07-30
https://camp-fire.jp/projects/901176,【西荻窪イトキチ】バル×食堂で帰ってくる！世界の煮込みと野菜料理を再び！,2026-08-29
https://camp-fire.jp/projects/951084,全ての若者が「性・からだ・こころ」について安心して相談できる場所を地域に届けたい,2026-08-29
https://camp-fire.jp/projects/970240,北海道8haの森から、新しい物語を始めます。,2026-09-28
https://camp-fire.jp/projects/964692,どん底育児から生まれたAILEY Collectionが創り出す挑戦のステージ！,2026-09-28
https://camp-fire.jp/projects/958149,かずさん亭二代目卒業の恩返し！感謝の「書」を贈り、三代目へ繋ぐ店舗修繕の挑戦！,2026-07-30
https://camp-fire.jp/projects/953398,【睡眠革命】涼しさも暖かさも自由に調整！一年中快適な次世代マットレス,2026-09-28
https://camp-fire.jp/projects/954805,【TACYON感謝祭】子ども演舞×ベトナムチーム招待でよさこいを高知から未来へ！,2026-08-29
https://camp-fire.jp/projects/948770,三重県いなべ市梅林公園が2026年8月にリニューアルオープン,2026-09-28
https://camp-fire.jp/projects/964370,創業100年を超える酒造会社のお酒で猫を助けたい,2026-08-29
https://camp-fire.jp/projects/965722,日本のアニメの未来のために！アニメーターを育てる教科書作りプロジェクト！,2026-08-29
https://camp-fire.jp/projects/969241,DaTuRa-ダチュラ-下園れいか生誕クラウドファンディング,2026-08-29
https://camp-fire.jp/projects/968342,SAKURADOLL 白絵葵子生誕祭2026 サポートプロジェクト,2026-08-29
https://camp-fire.jp/projects/958983,海外3000万円調達！「脚も水平も一瞬」超軽量＆爆速展開のカーボン三脚COMAN,2026-08-29
https://camp-fire.jp/projects/957782,おかざきなな『印象革命』出版祝いフェス,2026-09-28
https://camp-fire.jp/projects/969124,【忍術検証チャレンジ！】忍術書『万川集海』の“挟箱舟”は琵琶湖を渡れるのか？,2026-08-29
https://camp-fire.jp/projects/959969,【初開催】日本発！世界ろう野球大会を成功させ“連覇”と100年の夢をつなぎたい,2026-09-28
https://camp-fire.jp/projects/962142,安心して尖っておいで。千葉の海近11部屋を100人の子どもと創る秘密基地民泊！,2026-08-29
https://camp-fire.jp/projects/962024,福島・双葉郡から、スポーツを通じて地域と未来に希望を届ける！,2026-09-11
https://camp-fire.jp/projects/963481,わずか13cm四方。超重低音も奏でる高音域スピーカー「OPUSⅩ」誕生！,2026-09-28
https://camp-fire.jp/projects/951580,滋賀から、“安心して働ける夜”を。「ラウンジ宙-sora-」開業プロジェクト,2026-08-29
https://camp-fire.jp/projects/964236,【サロン限定】トリミング前後に愛犬がのびのび過ごせるミニドッグランを作りたい！,2026-08-29
https://camp-fire.jp/projects/962992,【埼玉発】地域密着ヨガ、ピラティスで心と身体を整える居場所を育てる！,2026-08-29
https://camp-fire.jp/projects/950092,児童養護施設卒園児を支える。〜沖縄チャリティー音楽フェス〜,2026-10-16
https://camp-fire.jp/projects/964919,選べるお粥とサラダバーのご褒美ランチ！9月上旬、大阪都島に『粥と菜』がOPEN！,2026-08-29
https://camp-fire.jp/projects/971458,【令和8年熊本地震】被災地支援募金のお願い～ＫＢＣ水と緑のキャンペーン～,2026-09-28
https://camp-fire.jp/projects/967204,正解のいらない、創作の入口『#なんのはなしですか』フェスティバルを開催したい！,2026-08-29
https://camp-fire.jp/projects/967693,【第2弾】皇室献上米の里・脇山を、どぶろくる。 土地の違いを、酒の違いに。,2026-08-29
https://camp-fire.jp/projects/963600,美容室を諦めた方でも当たり前に通える美容室を、岡山県瀬戸内市につくりたい。,2026-08-29
https://camp-fire.jp/projects/966789,小さな夢を応援！しょぼいクラファンを、100個立ち上げたい。,2026-08-29
https://camp-fire.jp/projects/965506,創業70年を目前に存続の危機！エコキッチンカーを作って伝統の味を未来に繋げたい！,2026-09-28
https://camp-fire.jp/projects/963947,学生と地域がゼロからつくる、みんなの挑戦を全力で応援する基地を完成させたい,2026-09-13
https://camp-fire.jp/projects/910502,笑顔と歴史を守る！下総中山「子之神社」イチョウ剪定プロジェクト,2026-10-16
https://camp-fire.jp/projects/963262,家がシーシャ店になるほどハマった男、福岡・赤坂にシーシャラウンジをつくります,2026-08-29
https://camp-fire.jp/projects/969858,【堕嬢。生誕祭2026】応援プロジェクト,2026-09-04
https://camp-fire.jp/projects/966241,【史上最高の仲間と挑む】女子中学軟式野球〝スマイリーズ〟石川県への夢を叶えたい！,2026-09-16
https://camp-fire.jp/projects/968817,文翠麗初のミュージックビデオを撮影したい！,2026-08-23
https://camp-fire.jp/projects/956412,【茨城県初】「お肌のお悩みへのアプローチ×口元のトータルケアコース」を作りたい！,2026-08-29
https://camp-fire.jp/projects/962387,旅人や近隣の方々が気軽に集まり、新たなご縁の輪が広がる空間を創造します！！,2026-08-29
https://camp-fire.jp/projects/961540,スケートボードから始まる、新しい地域文化。,2026-10-17
https://camp-fire.jp/projects/948066,【飛脚を100年先へ】文化と挑戦の拠点として、飛脚を12年ぶりに復活させたい！,2026-08-29
https://camp-fire.jp/projects/947393,【成層圏へ高校生の挑戦】 ～高高度気球で宇宙へ行きたい～ ｜  SBプロジェクト,2026-08-09
https://camp-fire.jp/projects/964216,衝撃の新食感！ImagamIの自慢の逸品『ローストビーフ』を皆様に届けたい！,2026-09-09
https://camp-fire.jp/projects/961033,「ちゃんと食べる」を、もっと手軽に。高たんぱくレトルトを届けたい！,2026-09-28
https://camp-fire.jp/projects/955699,健康になれる森のカフェを作りたい。 マスターと僕の挑戦。,2026-08-29
https://camp-fire.jp/projects/957383,【パリ公演】歴史が動いた舞台で、音楽の力で「障がいの常識」を書き換えたい！,2026-08-29
https://camp-fire.jp/projects/957843,日本産モンスターパニック映画『超・害獣』を制作したい！,2026-09-28
https://camp-fire.jp/projects/970181,夜光性アミューズ【水萌しゅる】生誕祭応援プロジェクト,2026-08-28
https://camp-fire.jp/projects/966549,ソロデビューを飾るMVとアーティスト写真を制作したい,2026-08-29
https://camp-fire.jp/projects/871663,４大砂漠の最後の砦ナミブ砂漠に挑戦！完全制覇を目指します！,2026-09-23
https://camp-fire.jp/projects/955732,どこでも一緒♪もみハムぬいぐるみ化プロジェクト！,2026-08-01
https://camp-fire.jp/projects/949651,アーティストの【夢】が循環する未来へ。台湾ライブ挑戦プロジェクト！,2026-08-01
https://camp-fire.jp/projects/965800,【現役大学生動きます】理事長急死で窮地に立たされている保護犬たちを救いたい,2026-09-05
https://camp-fire.jp/projects/863003,オリジナルキャラクター(ドウトウ)をソフビ化！,2026-08-08
https://camp-fire.jp/projects/963224,「自宅では集中できない」あなたへ。我孫子駅徒歩1分にワークスペースをつくります,2026-08-31
https://camp-fire.jp/projects/948299,海を守りたい。高校生が挑む海ごみアップサイクルプロジェクト,2026-09-28
https://camp-fire.jp/projects/969938,【つくばGTベースボールクラブ】中学軟式野球クラブ初の全国挑戦を応援！,2026-09-17
https://camp-fire.jp/projects/970710,【暗空夜生誕祭2026】応援プロジェクト,2026-08-31
https://camp-fire.jp/projects/957171,【高知中央高校バスケ部】学食廃止の試練を超え、全国大会へ！選手たちの夢への挑戦,2026-09-28
https://camp-fire.jp/projects/863235,組み立て式サッカーボールを全国の児童養護施設に届けたい,2026-08-17
https://camp-fire.jp/projects/892969,岡山県・倉敷市【くらしき冬花火2026】冬の名物へ！2回目の挑戦,2026-09-29
https://camp-fire.jp/projects/879304,東京開催！ 9月26日（土）「木村沙由里生誕祭」を成功させよう！,2026-08-29
https://camp-fire.jp/projects/961329,ファンに喜ばれる新モデルへ。間宵しゃなの活動を次のステージへ！,2026-08-29
https://camp-fire.jp/projects/956782,【LOVE 9 LOVE】海堂七音生誕祭2026応援プロジェクト,2026-08-03
https://camp-fire.jp/projects/961331,種屋『畑懐-はふう-』の新店舗OPENに向けてのご支援を！！,2026-09-13
https://camp-fire.jp/projects/969598,Ill【白雪姫乃】生誕祭応援プロジェクト,2026-08-21
https://camp-fire.jp/projects/945694,いつでもどこでも両声類パカエルぬいぐるみプロジェクト！,2026-08-28
https://camp-fire.jp/projects/957642,世界一のDJを目指せ！11月にロンドンで開催される世界大会への挑戦！,2026-10-18
https://camp-fire.jp/projects/939471,ー極上のモフみー「ふわふわ雷鳥」のぬいぐるみ化プロジェクト,2026-08-28
https://camp-fire.jp/projects/965711,【Acteaおいしいたんぱく麦茶】家族みんなで手軽に健康を守る新飲料,2026-09-02
https://camp-fire.jp/projects/943140,山形の33湯を巡り極める！温泉文化をつなぐ「やまがた温泉道」をつくりたい,2026-08-29
https://camp-fire.jp/projects/868473,宮田悟志 メジャーデビュー15周年に向けたアニバーサリープロジェクト,2026-08-29
https://camp-fire.jp/projects/962088,エアコンだけに頼らない。猛暑対策と節電を両立する、夏の頼れる卓上冷風扇,2026-08-28
https://camp-fire.jp/projects/955209,シェアリングエコノミーって？を体感できるゲーム-【みんなのシェアタウン】を全国に,2026-09-28
https://camp-fire.jp/projects/972486,【令和8年熊本地震】避難所で生まれた「イマココナビ」を継続して運営するために。,2026-09-28
https://camp-fire.jp/projects/958598,「自分で稼ぐ力」を育てる。ネイルを通じた子ども塾を知多半島の中心に創りたい！,2026-08-29
https://camp-fire.jp/projects/954946,92歳写真家が30年かけて作った 白老の自然アーカイブを未来へ残すプロジェクト,2026-08-29
https://camp-fire.jp/projects/962769,PinkySpice【花村かれん】誕生祭応援プロジェクト,2026-08-14
https://camp-fire.jp/projects/966247,現役高校生が挑戦！着物の美しさを世界へ。ルームウェアブランド「ゆめきぬ」始動。,2026-09-18
https://camp-fire.jp/projects/965115,Lily scale 【心凪せあ】生誕祭プロジェクト2026,2026-08-03
https://camp-fire.jp/projects/945346,不自由を遊びに変える。障がいのある人生から光をつかむ。,2026-09-13
https://camp-fire.jp/projects/969298,TENRIN【のもあちゃちゃ】生誕祭応援プロジェクト,2026-09-19
https://camp-fire.jp/projects/963070,【大分】本物の舞台に挑む子ども達を応援してほしい！キッズシアターProject,2026-09-08
https://camp-fire.jp/projects/927214,禅・島津清彦 × 日本舞踊・島津恵梨花が父娘で挑む、バンクーバー公演！,2026-09-28
https://camp-fire.jp/projects/961366,【書類地獄から脱却！デスクも頭もスッキリ】たった1秒で紙をデータ化するスキャナー,2026-08-29
https://camp-fire.jp/projects/938814,【迷う収納、卒業】面倒なズボン収納を1秒にするハンガー。その差が毎日を快適に。,2026-08-28
https://camp-fire.jp/projects/967805,クワカブ好き専用！焙煎クヌギ香るクラフトビール「くわかぶるー」,2026-09-28
https://camp-fire.jp/projects/960624,【先行販売あり】今年8月開催アートイベントに初出展！ご支援募集中です！,2026-08-07
https://camp-fire.jp/projects/971452,【Q-MAX値0.5】触れた瞬間ひんやり！とろける肌ざわりの極冷ブランケット,2026-10-20
https://camp-fire.jp/projects/971321,頑張る女性に自分を労わる時間を。福岡初の【通い放題】よもぎ蒸し専門サロン,2026-09-28
https://camp-fire.jp/projects/959531,奈良の魅力を全国に！『NARAコレクション』制作プロジェクト！！,2026-08-06
https://camp-fire.jp/projects/971756,熊本地震被災地へ【そのまま飲める炭のお出汁】【室内のリカバリーサンダル】を届ける,2026-08-29
https://camp-fire.jp/projects/967698,ゆっくり休むのも大事だよ？しかるねこクッションブランケット化プロジェクト！,2026-08-28
https://camp-fire.jp/projects/952242,米づくりを次世代へつなぐ 自然栽培「里山お米センター」プロジェクト!,2026-09-28
https://camp-fire.jp/projects/931399,強靭なカーボンコートがチタンサーモボトルの常識を超える！本物の機能と強さを手に！,2026-10-20
https://camp-fire.jp/projects/972028,渋谷からピックルボール旋風を。光るコートで新しいスポーツ体験を！,2026-09-26
https://camp-fire.jp/projects/972372,DIAVEL 冥冥ゆりか 生誕祭応援プロジェクト,2026-10-03
https://camp-fire.jp/projects/965253,日本茶を、もっと自分らしく。100種類のお茶と出会える専門店を名古屋に。,2026-09-28
https://camp-fire.jp/projects/963960,愛犬に選びたい、北海道オホーツク産エゾシカ100％のおやつとごはん,2026-08-29
https://camp-fire.jp/projects/972021,【寄絃 - Yo2La】瀬織津あい生誕祭2026応援プロジェクト,2026-08-24
https://camp-fire.jp/projects/950679,台東区の古倉庫で、食物アレルギーがあっても安心して食事を楽しめる場所を作りたい！,2026-08-29
https://camp-fire.jp/projects/944811,【詩人・石原吉郎】埼玉県ふじみ野市発   舞台芸術『望郷と海』上演プロジェクト,2026-09-28
https://camp-fire.jp/projects/961004,ミュージカル「さくららリクラシカ」にご出演の50名のお子様にサイコーの体験を！,2026-08-29
https://camp-fire.jp/projects/967165,神奈川県川崎市に助産院を開設し、親子で気軽にふらっと立ち寄れるひろばを作りたい,2026-09-12
https://camp-fire.jp/projects/958382,【箕輪厚介も参画】麻布十番にセラピストの夢を叶えるシェアサロン1号店開設したい,2026-08-26
https://camp-fire.jp/projects/968334,「究極の多機能収納」285g/22L/缶サイズ・日常から旅まで大活躍バックパック,2026-09-28
https://camp-fire.jp/projects/952098,イラスト個展「豊橋まちなか解体新書」を開催したい！,2026-09-18
https://camp-fire.jp/projects/969507,3秒で温水。キャンプ場で使える温冷水対応ポータブルシャワー「Elvash」,2026-09-28
https://camp-fire.jp/projects/972330,ラストシーン【宮瀬うゆ】生誕祭応援プロジェクト,2026-09-11
https://camp-fire.jp/projects/969393,ちょこさん。＆おはぎさん。ぬいぐるみ再販＆おでかけポーチ化プロジェクト,2026-09-04
https://camp-fire.jp/projects/968571,【初の全国大会への挑戦】 子供達の夢舞台への遠征支援！,2026-08-29
https://camp-fire.jp/projects/960660,宮城県石巻市　震災十七回忌慰霊法要と祈りの場を未来へ,2026-09-28
https://camp-fire.jp/projects/968606,ねこたちとまったりリラックスタイム！KENクッションブランケット化プロジェクト！,2026-09-04
https://camp-fire.jp/projects/966666,【神戸・大沢町】放棄された葡萄畑と牛舎から 人が集うワイナリーへ,2026-09-21
https://camp-fire.jp/projects/939133,【草津温泉から始まる新スキンケア】温泉藻イデユコゴメの魅力を届けたい！,2026-09-15
https://camp-fire.jp/projects/968145,理解る後輩ちゃん お顔クッション & ぬいぐるみキーホルダープロジェクト！,2026-09-04
https://camp-fire.jp/projects/910196,代々続く熊本県 八代市 の精肉店、地震から立ち上がる,2026-09-28
https://camp-fire.jp/projects/954429,タイ・ムエタイ修行プロジェクト：現役大学生×プロ格闘家の挑戦,2026-09-21
https://camp-fire.jp/projects/961207,温暖化で消えゆく南アルプス・八ヶ岳の天然製法が生んだ極上の天然氷,2026-09-28
https://camp-fire.jp/projects/969972,国会も、地方も。議員の「発言と投票」の無料見える化を続けたい,2026-09-18
https://camp-fire.jp/projects/966516,CHABAKKA TEA PARKS10年目の挑戦。鎌倉小町で新たな冒険の始まり,2026-09-23
https://camp-fire.jp/projects/952557,世界一を獲りに行く、モルック日本一の物語を映像化—— 世界大会inフィンランド,2026-08-29
https://camp-fire.jp/projects/936139,【長野県塩尻】荒れた田んぼを「マコモ農業」に！自然栽培マコモダケを全国へ届けたい,2026-09-28
https://camp-fire.jp/projects/971063,「思い出を未来へ。」スーパーファミコンとPSPを、もう一度遊べる一台へ,2026-09-04
https://camp-fire.jp/projects/965137,コマの常識を覆す新たな全国大会を開催したい,2026-08-21
https://camp-fire.jp/projects/970108,【日本中学記録まで0.05秒】兄妹で全中優勝を狙う若きアスリートを応援したい！,2026-08-28
https://camp-fire.jp/projects/970067,人口約2万6千人のまちから全中へ。夢への挑戦を応援してください！,2026-08-18
https://camp-fire.jp/projects/964817,沖縄から世界へ！200人で歌を繋ぐ153時間連続カラオケ＆子ども制服支援に挑む！,2026-08-29
https://camp-fire.jp/projects/961141,財布もいらない。進化した「まるでポケットのようなバッグ」で身軽なお出かけを実現！,2026-10-14
https://camp-fire.jp/projects/900222,『息をして』─ 生きているという感覚を呼び覚ますアルバムを作りたい！,2026-09-04
https://camp-fire.jp/projects/956630,Insheart　Tour　2027広島公演を開催したい！,2026-08-07
https://camp-fire.jp/projects/973043,【創設メンバー募集】見えない痛みを「ひとりじゃない」に。,2026-10-01
https://camp-fire.jp/projects/971221,めぐ＆ゆめの募金箱。,2026-09-28
https://camp-fire.jp/projects/968116,スパイスキッチン結2周年|看板作りと冷凍結カレーに挑戦します！,2026-09-10
https://camp-fire.jp/projects/969486,けなげに生きる♪エビちゃんクッションブランケット化プロジェクト！,2026-09-04
https://camp-fire.jp/projects/927767,BQMAP35周年記念公演『源内人形』支援プロジェクト,2026-08-10
https://camp-fire.jp/projects/962197,不登校のその先に希望を。10年続くフェスを育てたい！,2026-09-28
https://camp-fire.jp/projects/966908,キミと叶えたい！『ザスター』セカンドワンマンライブ＆セカンドフルアルバム,2026-10-24
https://camp-fire.jp/projects/929975,来年の1月に「カラスBOR」のリメイクの「カラスBORN」を発売したい,2026-08-29
https://camp-fire.jp/projects/972086,復興後も、子どもたちが戻れる場所を守りたい！熊本県氷川町のサッカーチームの挑戦,2026-08-29
https://camp-fire.jp/projects/967584,河口湖から、山梨の魅力を全国へ。鉄板焼『BAUM』、開業への挑戦。,2026-09-28
https://camp-fire.jp/projects/965040,式年遷宮に使われる檜で作るアロマで、日本の魂・精神を世界中に届ける！,2026-09-28
https://camp-fire.jp/projects/963607,唐揚げに、冷奴に、ひとふりでご褒美味。みつまるさん監修『うま山椒』,2026-09-05
https://camp-fire.jp/projects/935919,【静岡県戸田】義母と嫁が地域と未来へつなぐ再生プロジェクト,2026-09-21
https://camp-fire.jp/projects/943549,ベッドの上でも世界一！闘病中の子どもたちの折り紙のカエルの展示　世界記録挑戦,2026-08-21
https://camp-fire.jp/projects/972023,熊本復興支援|美容ブランドTIMe「美しさが、誰かの希望になる。」,2026-09-18
https://camp-fire.jp/projects/965743,かわいいだけじゃない。驚くほどの切れ味！猫デザイン包丁MEOWKITに新色登場,2026-09-19
https://camp-fire.jp/projects/972382,【緊急指令】早乙女コーポレーションの危機！！フクイザーを倒す新勢力を創れ！,2026-09-11
https://camp-fire.jp/projects/959587,【11人の離島・深島】ねこ60匹の命を守り感謝を未来へつなぐプロジェクト,2026-09-28
https://camp-fire.jp/projects/965934,“湯沢高校吹奏楽部創部70周年”　40年以上大切に使われてきた楽器を新調したい！,2026-09-28
https://camp-fire.jp/projects/961849,『十勝から世界へ、届けたい音がある。』,2026-09-24
https://camp-fire.jp/projects/957070,重い障害があっても みんなで乗れる福祉車両を、入間の放課後等デイサービスに。,2026-08-07
https://camp-fire.jp/projects/968425,祭を応援することが、若者の挑戦を応援する。,2026-09-21
https://camp-fire.jp/projects/925124,MINMI  1万人と「まだ遅くない」を叫びたい in 日本武道館,2026-09-06
https://camp-fire.jp/projects/950910,【打鍵と向き合う極限の8鍵音ゲー】『8ave.-オクターブ-』制作プロジェクト！,2026-08-07
https://camp-fire.jp/projects/961481,家族同然の猫ちゃんに！安全に配慮した猫じゃらし「猫結び」を尾道から日本中へ！,2026-10-10
https://camp-fire.jp/projects/953830,「ただいま」と言いたくなる沖縄・羽地。宿の1周年から始まる地域応援プロジェクト,2026-10-24
https://camp-fire.jp/projects/967498,島袋寛子さんデビュー30周年を盛大にお祝いしたい！E：8/30バルーンフラワー,2026-08-14
https://camp-fire.jp/projects/968810,築160年の空き家がこどもたちの夏の教室に。みんなで見守る無料自習室を田布施で,2026-08-30
https://camp-fire.jp/projects/964797,埋もれている可能性を、地域の力へ。,2026-08-23
https://camp-fire.jp/projects/967855,9月の山梨公演でキャストとスタッフにお弁当と交通費補助を支給したい。,2026-09-19
https://camp-fire.jp/projects/968400,【剛鉄な割り箸5周年記念】元町中華街で初の個展！唯一無二のイラスト世界を体感せよ,2026-09-28
https://camp-fire.jp/projects/964491,新居浜市90周年×SEX MACHINEGUNS凱旋フェスを最高のおもてなしで！,2026-08-29
https://camp-fire.jp/projects/962892,大分から、プロ野球（NPB）へ。2年連続2位の悔しさを、今年こそ歓喜に。,2026-08-18
https://camp-fire.jp/projects/955546,【大切な人を守るために】避難所のトイレ問題解決へ、学生と企業の挑戦,2026-08-29
https://camp-fire.jp/projects/966080,高齢な愛猫に元気で長生きを。見守りガジェットCatwatch金型製作プロジェクト,2026-09-09
https://camp-fire.jp/projects/970414,花魁道中【赫月都子】生誕祭応援プロジェクト2026,2026-08-21
https://camp-fire.jp/projects/970162,【親は金沢観光、子は英語プチ留学】未来を拓く”旅育”チケットで旅行を学びの機会へ,2026-08-29
https://camp-fire.jp/projects/968363,「痛いのに、毎日寝たくなる。」寝るだけ、大人のセルフケア時間｜shaktist,2026-10-25
https://camp-fire.jp/projects/971885,チェス日本代表、世界へ。チェスオリンピアード2026出場選手を応援！,2026-09-28
https://camp-fire.jp/projects/911521,野球女子の生理の不安をゼロへ！吸水ショーツ一体型スラパン共創開発プロジェクト！,2026-10-10
https://camp-fire.jp/projects/962439,あなたの目が、そのままカメラになる。ワンタッチで簡単録画【スマートカメラグラス】,2026-09-28
https://camp-fire.jp/projects/954044,【音楽で郡山に笑顔を！】みんなで創る“郡山市音楽の日2026”大作戦,2026-09-28
https://camp-fire.jp/projects/961046,生ゴミ、ゼロ社会の実現 | 一家に一台コンポストの普及を！,2026-08-29
https://camp-fire.jp/projects/955474,宮崎の米を、5年先の命を守る備蓄食へ災害時も、日常も、誰かの命と笑顔を守る,2026-08-28
https://camp-fire.jp/projects/967443,照明を変えたら、空気まで変わった。新発想シーリングファンライト,2026-09-25
https://camp-fire.jp/projects/967702,宮崎のフルーツをもっと知ってほしい！和紅茶で全国に広めるプロジェクト。,2026-08-28
https://camp-fire.jp/projects/920223,【出雲】眠っていたログハウスを地域の交流拠点へ。複合施設として再生したい！,2026-09-18
https://camp-fire.jp/projects/970428,運動が苦手な子にも”挑戦できる居場所”をつくりたい！,2026-09-19
https://camp-fire.jp/projects/968890,れお生誕祭2026 最高の笑顔と思い出をみんなと一緒に,2026-09-13
https://camp-fire.jp/projects/963493,保護猫にミルクを届けたい「第３回みずいろりぼんプロジェクト」,2026-08-08
https://camp-fire.jp/projects/917038,経年変色を最大化！縫わない美学の【薄くて小さい財布】イタリアンレザー Ver.,2026-08-23
https://camp-fire.jp/projects/962695,のんきでゆる〜い癒しをお届け♪まゆげねこのぬいぐるみ化プロジェクト,2026-09-11
https://camp-fire.jp/projects/959383,おうち時間がもっと楽しくなる♪ねこもどきクッション＆ブランケットプロジェクト,2026-09-08
https://camp-fire.jp/projects/968398,【静岡パルコありがとう】時代を繋ぐ個展を開催したい！イラストレーター島田つか沙,2026-09-11
https://camp-fire.jp/projects/897265,埼玉・飯能に「木とまちと暮らし」がつながる、古民家宿をつくります！,2026-09-08
https://camp-fire.jp/projects/969958,あの頃ディスコで踊った私たちが、今度はWNBAの舞台へ！,2026-09-21
https://camp-fire.jp/projects/972305,LADYBABY【越智きの】生誕祭応援プロジェクト,2026-09-06
https://camp-fire.jp/projects/943037,彦根の城下町に灯りをともす、コミュニティカフェ「flat.」をつくりたい,2026-08-29
https://camp-fire.jp/projects/963220,10年かけてプッチーニのオペラ全10作品を上演したい！,2026-08-13
https://camp-fire.jp/projects/967730,ポップコーンな生きもの♪ポッコンズクッションブランケット化プロジェクト,2026-09-07
https://camp-fire.jp/projects/951569,雨でも汗でも“濡らさない”。手ぶら×1秒収縮×遮熱×遮光×撥水【常備傘】の進化形,2026-09-26
https://camp-fire.jp/projects/961487,九大・九州芸工軽音の音を守る！故障アンプ(Ba&Gt)更新プロジェクト,2026-08-31
https://camp-fire.jp/projects/971990,【シャルル王子新章開幕】Live2D実装&権利買取で配信4周年のその先へ,2026-09-28
https://camp-fire.jp/projects/957269,予算ゼロの挑戦。都庁前初開催×多摩のクラフトビールで東京の魅力を発信！,2026-09-13
https://camp-fire.jp/projects/960802,猫闇やんやんのV活動を新しい企画へ！PC購入で配信の幅を広げたい。,2026-09-28
https://camp-fire.jp/projects/958374,奈良にぎわい大作戦2026～伝統と未来のクロスオーバー,2026-08-30
https://camp-fire.jp/projects/973245,第3回単独公演【季憶】を成功させ、「想い」を伝えたい！！！,2026-09-02
https://camp-fire.jp/projects/973693,【星恋なつき】生誕祭クラウドファンディング,2026-08-29
https://camp-fire.jp/projects/972198,焼肉たまき｜1年で311軒の焼肉店を食べ歩いた店主が作る欧風ビーフカレー先行販売,2026-09-28
https://camp-fire.jp/projects/946700,2026夏・宮古島｜たっくー×田中俊行×竹内義和と創る最恐怪談＆高校生お化け屋敷,2026-08-17
https://camp-fire.jp/projects/925814,【使うほど肌に馴染む柔らかさ】北海道天然エゾ鹿革『ミディトートバッグ』,2026-10-23
https://camp-fire.jp/projects/969980,頑張りすぎる日本に休む文化を。『身体に森を入れる』脳科学者と作る次世代の休息習慣,2026-09-28
https://camp-fire.jp/projects/964827,日本人の日常に寄り沿う食パンブランド「＠HITOKUCHI」を届けたい！,2026-09-28
https://camp-fire.jp/projects/930127,【爆速セーフティカードライバー小原康ニ】ニュルブルクリンクで日の丸を掲げる挑戦,2026-08-29
https://camp-fire.jp/projects/972261,会津女子ソフトボールの未来と全国への挑戦に、熱い応援を,2026-09-28
https://camp-fire.jp/projects/961288,札幌市北区で初のクラフトビール醸造所の設立,2026-09-18
https://camp-fire.jp/projects/971897,アイドルグループ 君とのシナリオ【楠木ゆずは】生誕祭応援プロジェクト2026,2026-09-18
https://camp-fire.jp/projects/962424,【北九州市立大学灯炎】 会場全体で九州最大の宴を開きたい！！,2026-09-18
https://camp-fire.jp/projects/966171,【持ち歩く安心】サッと提示。燕三条製の純チタン・極薄マイナンバーカードケース,2026-09-28
https://camp-fire.jp/projects/939762,明治から続く『やまと新聞』　誇りある日本を次世代へ,2026-08-27
https://camp-fire.jp/projects/963610,豊洲PIT開催メンズイベント『BRAVE SONIC』を心に残る一日に！,2026-08-11
https://camp-fire.jp/projects/970541,全国大会出場への夢を実現させたい！中学生テニス部員10名派遣プロジェクト,2026-09-20
https://camp-fire.jp/projects/960247,：2026年8月1日、格闘技ジム創立プロジェクト,2026-08-29
https://camp-fire.jp/projects/974142,ドレスコード【御伽りるむ】生誕祭応援プロジェクト,2026-08-26
https://camp-fire.jp/projects/948509,三木康一郎監督作品 映画『Bクラスの私たちは空を見る』制作応援プロジェクト,2026-10-09
https://camp-fire.jp/projects/970827,幸せを呼ぶ森の妖精♪おこさまおこじょぬいぐるみ化プロジェクト,2026-09-11
https://camp-fire.jp/projects/967394,那覇発！慶良間諸島で素潜り漁師と行く海の旅を広めたい！,2026-09-28
https://camp-fire.jp/projects/920768,笠置山「望郷の森」次の50年も人が集える場所へ。山小屋ゲストハウスプロジェクト,2026-09-28
https://camp-fire.jp/projects/954420,【成長も出会いもあなたと共に】天使さやLive2D進化プロジェクト！,2026-08-29
https://camp-fire.jp/projects/970848,UNLIMITサポートプロジェクト　チームの仲間として共に戦うYear6 SP2,2026-08-29
https://camp-fire.jp/projects/964077,名古屋出身の車椅子社長の挑戦！大切な人の「行けた！」を叶えるバリアフリー観光開発,2026-08-29
https://camp-fire.jp/projects/972650,地域に笑顔を打ち上げる！今年で35回目となる天王山花火大会を開催します！,2026-09-10
https://camp-fire.jp/projects/915557,お風呂から始める、お金の話。親子で遊ぶ「おかねのれんしゅうキット」,2026-08-29
https://camp-fire.jp/projects/876710,岡山県備前市三石にイタリアのバールを！『通り過ぎる町』から『立ち寄る町』へ！,2026-09-28
https://camp-fire.jp/projects/962165,障がいのある方の技能と可能性を可視化する、第1回福りんぴっくを福岡で開催！,2026-09-28
https://camp-fire.jp/projects/969766,京都の小さな音楽喫茶「あまろ」を、人と表現が静かにつながる居場所として残したい,2026-08-29
https://camp-fire.jp/projects/969623,「世の中に『いいゲーム』を。」 E-GAMESが贈るボードゲーム【CUPID】,2026-09-11
https://camp-fire.jp/projects/960092,【5年目の挑戦】因幡・但馬の伝統「麒麟獅子舞フェスタ」を盛大に開催したい,2026-09-27
https://camp-fire.jp/projects/957289,買ってから気づく、このバッグの本気。断熱も撥水もある3色クーラーバックパック,2026-08-29
https://camp-fire.jp/projects/965016,初の全国大会出場支援！岐阜から広島へ。,2026-08-29
https://camp-fire.jp/projects/970699,【上山徹郎復活計画『隻眼獣ミツヨシ 完全版』第4巻発刊プロジェクト!!】,2026-10-29
https://camp-fire.jp/projects/965823,琵琶湖を眺めるカフェバー誕生プロジェクト,2026-09-28
https://camp-fire.jp/projects/970266,トゥンキでキュートに立体化♪NUISぐるみ化プロジェクト,2026-09-11
https://camp-fire.jp/projects/963450,"五島列島の豊かな海。古民家再生から始まる""島を未来へ残す""挑戦！",2026-10-10
https://camp-fire.jp/projects/951570,【シリーズ累計4.3億突破の最新型】3-in-1高速ワイヤレス充電器 登場！,2026-09-28
https://camp-fire.jp/projects/965618,熊本から世界へ！HADO公認チーム「CLOVER」の始動プロジェクト,2026-09-28
https://camp-fire.jp/projects/955054,宮古島から全国へ！孤立するママをなくす、親子が安心して過ごせるサードプレイスへ,2026-10-29
https://camp-fire.jp/projects/964432,日本のものづくりと、今の感性をつなぐ【日本製子供服ブランド】W.official,2026-09-18
https://camp-fire.jp/projects/967985,食べて、見て、触れて『あきたいわん祭2026』秋田市を二日間だけ台湾にします,2026-10-29
https://camp-fire.jp/projects/958810,日本の薔薇×科学革命！ばら生体水で里山と農業を守る挑戦,2026-09-28
https://camp-fire.jp/projects/958958,富山から日本中へ。シニアが主役のファッションショーという新しい文化を育てたい！,2026-09-28
https://camp-fire.jp/projects/971564,おちゃメンタル☆パーティー【日向めい】誕生祭応援プロジェクト,2026-09-29
https://camp-fire.jp/projects/966479,【卓球カグヤガールズから、全国の子どもたちが卓球で夢を追える未来をつくりたい！,2026-10-04
https://camp-fire.jp/projects/958695,青森県板柳町の新規イベントApple Link Fes in Itayanagi,2026-09-11
https://camp-fire.jp/projects/966779,福井県坂井市でご当地キャラが60体集まる北陸最大級のキャライベントを開催したい！,2026-09-28
https://camp-fire.jp/projects/974743,MEGAFON【小晴のか】生誕祭応援プロジェクト,2026-09-13
https://camp-fire.jp/projects/972274,【令和8年熊本地震被災】八代市日奈久発・ヒナグ珈琲店のコーヒーを全国へ届けたい！,2026-09-28
https://camp-fire.jp/projects/966670,【祝24歳】10/26 NiziU リクちゃんの誕生日を一緒にお祝いしましょう,2026-08-29
https://camp-fire.jp/projects/970540,世界一への挑戦！山﨑太陽選手のスペイン世界大会支援プロジェクト,2026-10-29
https://camp-fire.jp/projects/957179,新Live2D制作・既存Live2Dのアップグレードプロジェクト！,2026-08-29
https://camp-fire.jp/projects/957540,"36年のフィナーレ。 8,000人の子どもたちに最後の『ありがとう』を届けたい。",2026-10-23
https://camp-fire.jp/projects/963123,15年目を迎える「下北沢カレーフェスティバル」新たなステージへ！,2026-09-12
https://camp-fire.jp/projects/964200,澄悠里(ゆーりまん) 舞園れいな(れいな寿司)によるユニット楽曲プロジェクト,2026-09-16
https://camp-fire.jp/projects/970177,【花摘みくる】生誕祭クラウドファンディング,2026-08-13
https://camp-fire.jp/projects/969126,ピックルボールで世界へ！ジュニア日本代表SAKIの海外挑戦プロジェクト第2弾！,2026-08-29
https://camp-fire.jp/projects/974325,840年の祈りを守る。被災した八代神社を、地域の心とともに復興したい。,2026-10-29
https://camp-fire.jp/projects/946492,築100年の古民家をシェアキッチンとお土産屋へ！西尾市のお店づくりの拠点の創出,2026-09-28
https://camp-fire.jp/projects/960110,2026年9月13日開催！みんなの居場所を育む うさぎりんくフェス,2026-09-06
https://camp-fire.jp/projects/967984,名店カレーを全国へ！マドラスカレーレトルト化プロジェクト,2026-08-29
https://camp-fire.jp/projects/947566,丹波大文字送り火2026 　継承支援プロジェクト,2026-08-18
https://camp-fire.jp/projects/973231,TOKYO MOGUMOGU グループ展をみんなで盛り上げたい！,2026-08-29
https://camp-fire.jp/projects/960429,女子中学生がサッカーできる環境づくりを継続していく為に！耳すまカップを続けたい！,2026-09-28
https://camp-fire.jp/projects/971290,薬剤師監修！10秒で信頼の第一印象。男性美容液SAI,2026-09-28
https://camp-fire.jp/projects/967828,観るだけで心が整う！『メンタルカウンセリング映画』劇場公開プロジェクト,2026-09-13
https://camp-fire.jp/projects/953320,【富山】オートレストランぞうさんのうどん自販機を修理！懐かしの味を復活させたい,2026-10-24
https://camp-fire.jp/projects/964401,誰もが楽しめる「吟剣詩舞」をもっと身近に。幕末の英雄達の物語を東京で届けたい！,2026-10-08
https://camp-fire.jp/projects/929095,12歳差の姉妹が挑む！”犬と人がもっと自然に共存できる社会”,2026-10-16
https://camp-fire.jp/projects/960240,幅広デバイス対応・簡単接続で再登場！CrowView Note 15.6インチ,2026-09-28
https://camp-fire.jp/projects/962865,孤立する若い女性に居場所と自信を！ハンドメイドを通じた自立支援モデルを継続したい,2026-09-23
https://camp-fire.jp/projects/953194,お笑い芸人アップダウンが教壇に！笑って泣いて考える「道徳笑學校」を全国に届けたい,2026-09-28
https://camp-fire.jp/projects/970548,長年の想いを、次の未来へ。みんなが集える「場所」をつくる。,2026-09-28
https://camp-fire.jp/projects/950334,2030年、被爆85年へ。長編アニメ「ヒロシマ・夏の名残のバラ」制作に挑む,2026-10-31
https://camp-fire.jp/projects/964927,【長野県茅野市】自然と共に、本来の自分を思い出せる子どもたちの居場所を未来へ。,2026-08-18
https://camp-fire.jp/projects/947716,「えっ、ここで働いてたの？」驚きが生まれる仙台のカフェへ,2026-09-09
https://camp-fire.jp/projects/966683,【花火大会】長岡市とちお祭フィナーレ大花火『栃尾の四季』20周年応援プロジェクト,2026-08-19
https://camp-fire.jp/projects/939432,【愛音虎】音楽の道で更なる高みを目指すため、ワンマンライブに挑戦したい！,2026-08-27
https://camp-fire.jp/projects/971617,【世界の頂点に挑む日本代表】数独・パズル選手権2026インド遠征プロジェクト,2026-09-26
https://camp-fire.jp/projects/963602,「クラフトビールは、まちの誇りだ。」地元で乾杯する楽しさを、川口から届けたい,2026-09-28
https://camp-fire.jp/projects/964553,スマホ＆PCアプリを活用したシューティングゲーム電動ブローバックG17,2026-08-27
https://camp-fire.jp/projects/974062,たった11cmの超小型なのに突風パワー【ちびファン！】小型で本気のハンディファン,2026-09-28
https://camp-fire.jp/projects/946243,【STARRY×NIGHT︎】月咲ももか生誕祭応援プロジェクト,2026-08-14
https://camp-fire.jp/projects/933683,いちじくで松戸を人が集まるまちに！,2026-09-21
https://camp-fire.jp/projects/960797,KEN$HO 1st Album&Music Video プロジェクト,2026-10-18
https://camp-fire.jp/projects/911829,ノイズ除去で超クリアに録音！USB＆音楽プレーヤーにもなる4in1極小レコーダー,2026-09-28
https://camp-fire.jp/projects/966157,コスモアイルフェスティバル2026開催！能登半島をミステリー周遊で盛り上げる！,2026-09-28
https://camp-fire.jp/projects/963986,誰もが選べる世界を！障がい者専門の結婚相談所を一人でも多くの方に知ってもらいたい,2026-08-29
https://camp-fire.jp/projects/963140,【支援累計1000万円突破】所作が美しく決まる。掴める64チタン箸『蒼律』,2026-09-22
https://camp-fire.jp/projects/960256,最小レベルでありながら、大容量・丈夫さを両立させたYOSHINA二つ折り財布！,2026-08-28
https://camp-fire.jp/projects/968415,九十九里に新しい交流の場を。Oktoberfest 2026を開催したい,2026-09-28
https://camp-fire.jp/projects/968023,岡山の祭りうらじゃに大きな旗を立てて子どもたちの思い出作り！,2026-09-07
https://camp-fire.jp/projects/953032,映画『みんな死ねばいいのに』,2026-08-29
https://camp-fire.jp/projects/970164,TENRIN【音瀬歩兎】生誕祭応援プロジェクト,2026-10-13
https://camp-fire.jp/projects/934745,ALS当事者の体験から生まれた挑戦！安心な車いす生活を支える後付けステップの製作,2026-11-01
https://camp-fire.jp/projects/964449,不登校の子供達も世界に羽ばたかせたい！！ー英語力で未来に架け橋をー,2026-09-28
https://camp-fire.jp/projects/960141,町田駅前に誕生！人生に火をつける格闘技ジム、FiredUp Gymをつくりたい！,2026-09-30
https://camp-fire.jp/projects/968677,2026.10.10開催！子どもも、大人も、高齢者も。みんなでつくるWA!フェス,2026-10-07
https://camp-fire.jp/projects/970487,急遽移転！ダイニングギャレーの新たな挑戦,2026-09-28
https://camp-fire.jp/projects/956081,お米を食べて農家を応援！農業とエネルギーの未来を育てたい【千葉県市原市加茂地区】,2026-08-18
https://camp-fire.jp/projects/970063,未来へつなぐ江南の夜空　まち・ともす　江南市民花火大会２０２６,2026-09-23
https://camp-fire.jp/projects/975576,旅の思い出を、大切な人に贈る新しい文化をつくりたい。,2026-10-11
https://camp-fire.jp/projects/970006,西武線沿線の未利用素材を、沿線の風景感じるクラフトジンに変えたい,2026-10-23
https://camp-fire.jp/projects/967710,【金沢】20年愛されたTORRADOを石引へ。変わらぬ味と、新たな憩いの場所を。,2026-09-09
https://camp-fire.jp/projects/972697,【SONIO高松　香川県の誇りを胸に！】全国社会人サッカー選手権大会に初出場！,2026-10-13
https://camp-fire.jp/projects/952827,【贈れる体験・届けたい笑顔】青森フルーツパーラー発、冷凍パフェ缶「iroka」,2026-09-21
https://camp-fire.jp/projects/960786,那覇の名店監修！沖縄が誇る極上のあぐー豚の上質な味わいを、大阪から全国へ。,2026-09-28
https://camp-fire.jp/projects/954772,「見た目だけで捨てられる」桃の絵本を子どもたちに届けたい！,2026-09-28
https://camp-fire.jp/projects/962400,石田種生の功績を未来へつなぐプロジェクト～生誕100周年へ向けて島根から未来へ～,2026-09-28
https://camp-fire.jp/projects/847443,20歳の挑戦！ふじみ野市にコミュニティカフェを作りたい！,2026-09-28
https://camp-fire.jp/projects/949734,400年の伝統【長崎くんち✕今籠町】「一度途絶えた長崎くんちの奉納を、未来へ」,2026-10-28
https://camp-fire.jp/projects/972839,【神楽みほ生誕祭2026】 応援プロジェクト,2026-09-14
https://camp-fire.jp/projects/968185,「もう救えない」と言いたくない。緊急保護を支える第二シェルター設立プロジェクト,2026-09-28
https://camp-fire.jp/projects/900515,【岐阜西エリア初】ワクワクを届けたい！クラフトビールの醸造所＆ビアバーを作る！,2026-09-28
https://camp-fire.jp/projects/965596,命をつなぐ！保護猫の医療支援プロジェクト,2026-08-19
https://camp-fire.jp/projects/968280,七十年続いた旦過市場のホルモン屋。祖父の秘伝のタレを、新しい市場へ。,2026-08-18
https://camp-fire.jp/projects/903637,【かなこ2号店】サウナ×大衆食堂「サウナニューカナコ」を厚木にオープン。,2026-09-28
https://camp-fire.jp/projects/969842,圧巻のトマホークステーキ！焼肉GUTSの3店舗目が大阪豊中に9月18日OPEN！,2026-09-28
https://camp-fire.jp/projects/959855,"【クラリネット新境地】Akane新作アルバムで""自分らしく生きる力""を届けたい！",2026-09-28
https://camp-fire.jp/projects/949683,プロ棋士による、誰でもすぐ遊べる囲碁型ボードゲーム「WOOLVES」を広めたい！,2026-09-28
https://camp-fire.jp/projects/966137,【日本初！東京・池袋開催】変面フェス2026で「伝統×エンタメ」新時代を拓く！,2026-09-11
https://camp-fire.jp/projects/953517,山との関わりを暮らしの中に取り戻す 「山の共同よろず小屋」建設プロジェクト,2026-10-13
https://camp-fire.jp/projects/971688,『ただいま』と言いたくなるカフェを滝山団地につくりたい！,2026-09-25
https://camp-fire.jp/projects/968140,圧倒的保冷力12倍！高伝導合金製の保冷剤【モンスター保冷】低温計測試験済！超持続,2026-09-13
https://camp-fire.jp/projects/929635,“よそ者”視点の憩いの場。富士吉田本町2丁目商店街に「平成レトロ」な観光拠点を！,2026-09-28
https://camp-fire.jp/projects/968197,-30年の想い-父たちが創ったチーム。子が叶えた、初の全国大会。,2026-09-09
https://camp-fire.jp/projects/972630,旺旺（ワンワン）ちゃんと 3 匹の子犬たちに、大阪の大型ビジョンで追悼の灯りを。,2026-08-29
https://camp-fire.jp/projects/967448,輪島の海の恵みを未来へ。もう１度、人が集い、働ける加工場をつくりたい！,2026-09-28
https://camp-fire.jp/projects/969862,外出前に靴へひと振り。帰宅時のこもり臭をケアする靴用消臭パウダー「美足生活」,2026-09-17
https://camp-fire.jp/projects/957502,下関発！3分で着せ替えスマホケース自販機「LOCO-P（ロコピー）」誕生,2026-09-29
https://camp-fire.jp/projects/962429,"夜空を彩る花火2,000発!! SAKAEリバーサイドフェスティバル2026",2026-09-28
https://camp-fire.jp/projects/964166,一瞬を星彩に！一人ひとりが輝く英和祭,2026-09-09
https://camp-fire.jp/projects/973377,SAKURADOLL 夢乃菜生生誕祭2026 サポートプロジェクト,2026-09-13
https://camp-fire.jp/projects/970616,ウクライナの希望を紡ぐ絵本『ゆめのつばさ　ムリーヤの物語』を出版したい！,2026-11-03
https://camp-fire.jp/projects/959670,第9回エスペランサカップ開催へのご支援をお願いします,2026-09-28
https://camp-fire.jp/projects/963489,人生が変わる農業体験。岩国市での全力の1週間で価値観が変わる。,2026-09-28
https://camp-fire.jp/projects/951552,完成した鳥居を石垣島・尖閣神社へ届けよう！,2026-09-28
https://camp-fire.jp/projects/966838,ローストチキンと焼き鳥の持ち帰り専門店『鳥周』の居酒屋が大阪京橋に10月OPEN,2026-09-28
https://camp-fire.jp/projects/972740,熊本県「人吉・球磨の商いを止めない。人吉・球磨の未来を守る為に。」,2026-11-03
https://camp-fire.jp/projects/968337,送風・吸引！車やおうちでの掃除にもアウトドアにも最適な小型の2wayエアダスター,2026-09-28
https://camp-fire.jp/projects/962982,【農×食×健康の新拠点】豊岡・地元食材のカフェ「ミメホラミーゴ」で始める地域循環,2026-09-28
https://camp-fire.jp/projects/928747,還暦は第2の青春。ウェルビーイングな未来へ羽ばたく還暦式テーマソングを作りたい！,2026-09-28
https://camp-fire.jp/projects/968165,堺東に、新しいおしゃれの楽しみを。marumelo２店舗目に挑戦します！,2026-09-04
https://camp-fire.jp/projects/957363,行政も学校も踏み込めない「家庭」に入れる、訪問看護の仕組みを全国に届けたい,2026-09-28
https://camp-fire.jp/projects/971116,スポーツの街・幕別町から。 子どもたちの挑戦を、世代を超えて応援できる場所へ。,2026-09-28
https://camp-fire.jp/projects/958440,水辺の死亡事故を、AIでゼロに。ー 溺水検知の精度向上と拡大にご協力ください,2026-08-29
https://camp-fire.jp/projects/925671,地域の猫たちに安心を。保護シェルター開設と白血病の猫が過ごせる部屋を作りたい,2026-09-10
https://camp-fire.jp/projects/887915,【沖縄✕フィンガー5】故郷への恩返し デザインマンホールで未来をつなぐ,2026-10-29
https://camp-fire.jp/projects/970332,再販！おさげちゃんぬいぐるみ化プロジェクト！,2026-09-21
https://camp-fire.jp/projects/944890,日和佐うみがめ博物館カレッタ｜ウミガメと美波町の未来を、新しいフレンズと共に！,2026-10-21
https://camp-fire.jp/projects/971537,19歳のメディアアーティスト、世界へ。ヴェネチア国際映画祭コンペティション選出。,2026-09-25
https://camp-fire.jp/projects/973847,【理科ねこ】 動物細胞&植物細胞クッションブランケット化プロジェクト,2026-09-21
https://camp-fire.jp/projects/971527,秋田県能代・柳町商店街に出会いと挑戦が生まれる《旅と暮らしの交差点》をつくりたい,2026-09-23
https://camp-fire.jp/projects/970090,サルヴァドールの悪魔、3周年の熱を抱えて東名阪へ。,2026-09-22
https://camp-fire.jp/projects/974807,東京・五本木 The sun rises againの音響リニューアル。,2026-08-29
https://camp-fire.jp/projects/938161,最大6台切替・挿すだけ接続で映像伝送！直接通信・HDMIワイヤレス送受信機,2026-09-28
https://camp-fire.jp/projects/890572,日本テニス発祥の地 YITC150周年の挑戦  文化遺産と国際交流を未来へ継ぐ,2026-11-05
https://camp-fire.jp/projects/926823,みんなにWin！ココヤシマットで愛犬にベストなドッグランへ！＠山梨県河口湖,2026-09-28
https://camp-fire.jp/projects/972681,角質/体臭も根本ケア。綿花、感じる。水だけでしっとり洗う極柔ボディタオルとミトン,2026-09-28
https://camp-fire.jp/projects/973515,約290g軽量×10.9インチ対応！ボトルも分けて持てる多収納ショルダーバッグ,2026-09-28
https://camp-fire.jp/projects/975433,【寄絃 - Yo2La】御影なぎ生誕祭2026応援プロジェクト,2026-09-07
https://camp-fire.jp/projects/975398,Vライバー祭り2026を盛り上げよう！,2026-08-26
https://camp-fire.jp/projects/951674,能登・三井町の半壊住宅再建し、地域まるごと交流拠点「おむすびのいえ」をつくります,2026-08-28
https://camp-fire.jp/projects/919877,「安心して学校へ」—カンボジアの子どもたちに学校生活に必要なすべてを,2026-08-19
https://camp-fire.jp/projects/963137,1000人の想いを結ぶ。糸島から、おむすびでギネス世界記録に挑戦！,2026-09-28
https://camp-fire.jp/projects/956586,登米市の食を次世代へ。高校生と作る地域絵本プロジェクト。,2026-08-29
https://camp-fire.jp/projects/948289,いつもあなたのとなりに♪ゥ星人ちょむちゃんぬいぐるみ化プロジェクト,2026-09-21
https://camp-fire.jp/projects/971369,【震度7の熊本地震】営業停止命令からの再出発。,2026-09-24
https://camp-fire.jp/projects/965852,一生使うから妥協しない。手・足それぞれに特化した爪切りが、さらなる進化を遂げた！,2026-08-29
https://camp-fire.jp/projects/960277,【還暦カウンセラーが贈る】「子育ての困った！」が「笑顔」に変わる本を出版したい,2026-08-19
https://camp-fire.jp/projects/916391,全国70店舗以上のジムから生まれた、休息時間のための粉末サプリ「TONOFF」,2026-09-09
https://camp-fire.jp/projects/971746,「旺旺ちゃん親子」の事件を福岡・天神から伝え、「次の旺旺」を生まない社会へ,2026-08-29
https://camp-fire.jp/projects/974471,『ハコアタマ』を協力プレイが最高に楽しいゲームにしたい！,2026-09-20
https://camp-fire.jp/projects/975014,無料野外音楽フェス「活性の火'26」開催！ご支援お願いします！,2026-09-11
https://camp-fire.jp/projects/961035,東北HAPPYHOLIDAY2026！全員で作る！東北一温かい無料音楽フェス開催,2026-10-11
https://camp-fire.jp/projects/965436,｟2026年9月11日｠の スプスラッシュ『姫宮もか生誕祭』を盛り上げたい,2026-08-23
https://camp-fire.jp/projects/966393,高品質シード餌を守りたい！コトリヤ×新潟バードカフェプロジェクト,2026-09-28
https://camp-fire.jp/projects/974044,たった1台の軽トラから、日本中に笑顔を。移動式アミューズメントをつくりたい！,2026-10-29
https://camp-fire.jp/projects/953057,一時保護シェルター整備で地域共生を目指したい。猫たちの明日に希望の光を！,2026-08-21
https://camp-fire.jp/projects/966275,生きる希望をゴスペルで。日本から世界へ贈る愛のメッセージ,2026-09-28
https://camp-fire.jp/projects/971633,サジョワンを、守りたい！,2026-09-28
https://camp-fire.jp/projects/973114,【鷹の爪を、その手に】鋭く、引いて切る。超小型軽量ナイフ,2026-09-28
https://camp-fire.jp/projects/967022,【20歳の挑戦】大学生が高円寺に「自然科学」中心の本屋を開きます,2026-09-28
https://camp-fire.jp/projects/966590,ラーメンDIYラボを未来へつなぐ。麺処 超幸、開業プロジェクト,2026-09-07
https://camp-fire.jp/projects/969777,学生が創る渾身のストーリーダンス公演『Rewrite』,2026-09-05
https://camp-fire.jp/projects/961980,瀬戸内海の離島『愛媛県怒和島』で収穫した、怒和まどんなを全国の食卓に届けたい！,2026-08-29
https://camp-fire.jp/projects/972902,介護レクを全国へ！ 第2回「レクリエーションNo.1決定戦」大阪から現場革命を！,2026-09-19
https://camp-fire.jp/projects/975020,地域の小さな住まいの困りごとを解決するお助け隊,2026-10-08
https://camp-fire.jp/projects/969218,「燦然と真田魂！！歴史をカタチに、真田の新たな挑戦へ！！」,2026-10-24
https://camp-fire.jp/projects/973450,クローバーステーキハウスが9月末で閉店、しかし続けるためにスタッフが立ち上がる！,2026-10-01
https://camp-fire.jp/projects/971150,【番匠谷紗衣の挑戦】音楽と福祉の力で、やさしい未来のきっかけを作りたい,2026-10-16
https://camp-fire.jp/projects/955690,尾道×植物「また、会おう」と言えるイベントを作りたい！,2026-09-28
https://camp-fire.jp/projects/962313,コーヒー豆も食材も鮮度キープ！ワンプッシュで簡単【真空・密閉・遮光】保存容器,2026-09-28
https://camp-fire.jp/projects/969944,自由が丘にみんなで新しい映画文化を！ 自由が丘映画祭、爆誕！！！,2026-10-08
https://camp-fire.jp/projects/962266,"礼文華華火大会　""みんなでやれば必ずできる""を証明したい",2026-09-24
https://camp-fire.jp/projects/941391,【命の拠点を守れ】加古川 保護猫・犬施設 緊急リニューアル支援！,2026-10-16
https://camp-fire.jp/projects/968570,35歳からアーティスト活動開始「人生は、もっと面白い」を届ける初ソロライブ開催！,2026-08-29
https://camp-fire.jp/projects/975167,家も機材も全焼。それでも夢を諦めない高校生に、もう一度ラップができる環境を。,2026-09-28
https://camp-fire.jp/projects/934495,【豪華アーティストが集結】大型野外フェス「TOMIHAMA FES 2026」,2026-09-08
https://camp-fire.jp/projects/951588,思いやりが循環する社会へ。ペイフォワードの価値観を広める書籍を出版したい！,2026-09-04
https://camp-fire.jp/projects/971186,歌声だけじゃなく、全身で音楽を届けたい。澄花3D化プロジェクト！,2026-10-21
https://camp-fire.jp/projects/968222,名探偵なろ屋 Live2D ver.2制作プロジェクト5年ぶりのバージョンアップ,2026-10-29
https://camp-fire.jp/projects/971918,「ヱビスサウンド」を西宮でも！駅近シネマカフェを開業したい！,2026-09-25
https://camp-fire.jp/projects/974334,MOON RABBiTS【平野萌音】生誕祭応援プロジェクト,2026-08-31
https://camp-fire.jp/projects/960457,"""腰痛は職業病""を、覆したい。片手で一瞬、整体師24年の特許骨盤ベルト。",2026-09-28
https://camp-fire.jp/projects/920682,【二軍版令和の虎で出資決定！】亡き友人の想いを胸に短編映画を世界へ届けたい！,2026-09-20
https://camp-fire.jp/projects/959943,子どもたちに挑戦する姿を。先生たちの全国大会挑戦プロジェクト,2026-09-13
https://camp-fire.jp/projects/959972,【充電池も乾電池も使える】10cmサイズ。パワフルに照らす小型LEDライト,2026-08-25
https://camp-fire.jp/projects/971803,大型犬に、本気で遊べる場所を。北九州初の大型犬専用ドッグランへ。,2026-09-27
https://camp-fire.jp/projects/969497,テレビ放送記念｜日本の精密技術が生んだ家紋印鑑「未来印」,2026-09-28
https://camp-fire.jp/projects/944380,島根から世界へ。「どうせ無理」を希望に変える,2026-10-29
https://camp-fire.jp/projects/899735,【宮古島初出店】宮古島の景色を形に。記憶と想いを紡ぐジュエリーショップAOの挑戦,2026-10-29
https://camp-fire.jp/projects/977095,プーキーズ×カイくんお誕生日記念「想い出ラッピングカー」みんなで完成させたい！,2026-09-28
https://camp-fire.jp/projects/975528,いろはちえり生誕祭をファンの皆様と盛大にお祝いしたい！,2026-08-26
https://camp-fire.jp/projects/965412,月山鈴音の音楽をたくさんの人に届けたい！！そのために広め隊員を募集します！,2026-11-08
https://camp-fire.jp/projects/964952,LOOPSTATION日本代表の挑戦！世界大会出場と全国ツアー開催へ,2026-10-29
https://camp-fire.jp/projects/975267,『羽魔あいむ生誕祭2026』生誕プロジェクト,2026-09-04
https://camp-fire.jp/projects/953208,児童会の声から始まった企画。swee設置で環境と健康を守ろう！,2026-08-29
https://camp-fire.jp/projects/973762,大人が「違い」を理解し、子どもたちの未来をつくる。,2026-09-29
https://camp-fire.jp/projects/972767,豊後水道の鯖の感動を、別府から全国へ届けたい。,2026-09-28
https://camp-fire.jp/projects/970126,まぢで店舗存続の危機なんです！岡山表町にある油そば屋『魂の一品』を救って下さい！,2026-09-28
https://camp-fire.jp/projects/942473,【新潟発・3D職人宣言】未来を変える“ものづくり”モニュメント計画！,2026-09-28
https://camp-fire.jp/projects/970968,【Aoba-BBT周年】2027.3.13 THE DAY｜アルムナイ、再集結。,2026-09-28
https://camp-fire.jp/projects/966695,"『日本製の覚悟店』を1,000人の力で未来へ。公式WEBサイトを立ち上げたい。",2026-10-08
https://camp-fire.jp/projects/977796,夜光性アミューズ【白空こあい】生誕祭応援プロジェクト,2026-09-12
https://camp-fire.jp/projects/925271,【BRIDEAR】音楽を届け続けるためのプロジェクト,2026-09-28
https://camp-fire.jp/projects/971646,大阪・堺市の公園にサウンドシステムを持ち込んで入場無料の野外フェスを開催したい,2026-09-16
https://camp-fire.jp/projects/955387,大阪梅田で開催される『にっぽん青果祭』を農業に興味のある方々と盛り上げたい！,2026-09-18
https://camp-fire.jp/projects/970134,猫Vtuberになったジャズ歌手さばしろの、初オリソン録音 動画制作プロジェクト,2026-09-28
https://camp-fire.jp/projects/953293,【山本杏×かれしちゃん×椿野ゆうこ】映画『塩あずきパルダリウム』制作プロジェクト,2026-10-24
https://camp-fire.jp/projects/969074,【睡眠コンサルタント・理学療法士監修】わずか3.0gの3段階調整イヤープラグ,2026-09-27
https://camp-fire.jp/projects/972169,カヌーオーシャンレーシング日本代表として、世界選手権に挑戦！,2026-09-18
https://camp-fire.jp/projects/956351,【北綾瀬1分】シングルマザーが子育て優先×最高に美味しいステーキ店をオープン！,2026-08-29
https://camp-fire.jp/projects/931074,在宅ケアの工夫・知恵を医療者がすぐ検索できるサイトを作りたい！,2026-09-28
https://camp-fire.jp/projects/970810,都城市の中山間地域で高齢者の「買い物」と「見守り」を支える宅配プロジェクト,2026-10-29
https://camp-fire.jp/projects/974296,日本一周の出会いを一皿に。安曇野でビストロを開きたい,2026-09-23
https://camp-fire.jp/projects/968128,【大阪】子どもの可能性に火をつける4時間！住吉区でダンスと音楽の祭典を初開催！,2026-09-23
https://camp-fire.jp/projects/956047,【もしものために、ふだんから。】 体を守る衝撃緩和帽子を、すべての人の日常へ,2026-08-29
https://camp-fire.jp/projects/977340,【令和8年熊本地震】学びを止めない。八代実業専門学校の復興支援,2026-10-14
https://camp-fire.jp/projects/964309,【絵本で伝える四日市の誇り】スモックリンと公害克服の物語を子どもたちに,2026-09-08
https://camp-fire.jp/projects/926010,誰かのスマホに眠る一枚を、みんなの思い出に。アプリ不要のシェアカメラ開発,2026-08-29
https://camp-fire.jp/projects/968124,矢毒けろる3D化＆音楽ライブ応援プロジェクト,2026-10-29
https://camp-fire.jp/projects/934198,「見えない私たちを、見てほしい」みのり10周年記念・地域とかなでるコンサート,2026-08-25
https://camp-fire.jp/projects/977459,【14歳・京都発】世界最高峰「Tampa AM」へ！スケートボードで夢に挑む,2026-09-27
https://camp-fire.jp/projects/975152,【ミキ21スイミング】42年続く子どもたちのプールを、もう一度泳げる場所へ,2026-10-09
https://camp-fire.jp/projects/979110,かぐら生誕祭 ~Lovie︎☆ろぐいん!~,2026-09-07
https://camp-fire.jp/projects/958387,すべての犬や猫の幸せを繋ぐ。老犬老猫ホームlavie.の未来作りプロジェクト！！,2026-09-13
https://camp-fire.jp/projects/960715,【10年後の当たり前を今、創る。中学生が取り組む「多文化共生」プロジェクト】,2026-09-28
https://camp-fire.jp/projects/968339,累計2400支援以上◎手書きメモを瞬時にデジタル化！OCRや検索機能で作業効率化,2026-09-28
https://camp-fire.jp/projects/938624,【サッカー×音楽×花火】鹿嶋発・世代を超えた「かしま全力まつり」で新たな伝統を！,2026-08-29
https://camp-fire.jp/projects/967635,【和歌山県海南市】冷却人工芝で、愛犬が一年中笑顔で走れるドッグランをつくりたい！,2026-10-29
https://camp-fire.jp/projects/945524,神戸に「3Dプリンター使い放題」ができるものづくり交流拠点をオープンしたい！,2026-08-29
https://camp-fire.jp/projects/967476,【能登半島地震】倒壊したブロック塀を、能登の原風景「間垣」に変える,2026-08-29
https://camp-fire.jp/projects/974491,【Re:bellious】愛月あい生誕祭応援プロジェクト,2026-09-04
https://camp-fire.jp/projects/977349,のんふぃく！【恋星はるか】生誕祭応援プロジェクト,2026-09-24
https://camp-fire.jp/projects/973241,アザラシがあなたをお出迎えします♪アザラシラグ製作プロジェクト！,2026-09-26
https://camp-fire.jp/projects/955539,吊るすだけで◎乾燥・除菌・アイロン完了。海外1億円超のAI衣類ケアLaunbot,2026-10-24
https://camp-fire.jp/projects/975452,AdamLilith【都ユナ】生誕祭応援プロジェクト,2026-10-11
https://camp-fire.jp/projects/976919,犬好きさん必見♪yukkeのいぬすきラグマット製作プロジェクト,2026-09-26
https://camp-fire.jp/projects/975379,人間チャンを癒してやるぞ...♪ドロドラクッションブランケット化プロジェクト！,2026-09-26
https://camp-fire.jp/projects/971662,小さな推しをいつでもそばに♪いちかちゃんピンバッジコレクションプロジェクト！,2026-09-26
https://camp-fire.jp/projects/941603,現役の若手テレビマンたちが報道ドキュメンタリーの新メディアを立ち上げる！,2026-09-26
https://camp-fire.jp/projects/971289,「十筆斎」アザラシ クッションブランケット化プロジェクト,2026-09-26
https://camp-fire.jp/projects/957623,第3回【あだち食と音楽の祭典'26】を開催したい！,2026-09-17
https://camp-fire.jp/projects/974926,熊本地震からい草産業の技術を守る。日本の畳を未来へつなぐ木村整経所の挑戦,2026-09-29
https://camp-fire.jp/projects/973722,一緒に素敵なゆめを♪USACHANクッションブランケット化プロジェクト,2026-09-26
https://camp-fire.jp/projects/971664,キツネをたっぷり詰め込みました♪キツネたちクッションブランケットプロジェクト！,2026-09-26
https://camp-fire.jp/projects/975181,【熊本地震】被害が甚大なのに炊き出し支援が少ない下郷地区へ、無料の食事を届けたい,2026-09-29
https://camp-fire.jp/projects/967924,和歌山の一番大事な商店街を取り戻す。,2026-08-30
https://camp-fire.jp/projects/962658,地元で20年以上愛されたカフェを、亡くなったマスターに代わり守りたい,2026-10-30
https://camp-fire.jp/projects/978372,「もふアザラシ」ぬいぐるみ化プロジェクト,2026-09-20
https://camp-fire.jp/projects/954301,【10万枚突破】あなたサイズで届く、切らないネイルシールに待望のマグネット登場！,2026-10-11
https://camp-fire.jp/projects/967084,三河帯芯を日常へ。 帯を支えてきた、100年続く“見えない素材”を、今着る服に。,2026-10-11
https://camp-fire.jp/projects/973844,いつでもお出迎えなのよ♪クロちゃんのまったりラグマットプロジェクト,2026-09-26
https://camp-fire.jp/projects/937240,カルチエミュジコ『デュオの核心』@大阪阿倍野区民センター印田千裕Vl×細川泉Va,2026-09-06
https://camp-fire.jp/projects/974043,君としか創れない、ティアディア4周年プロジェクト。,2026-09-25
https://camp-fire.jp/projects/959309,旨い牛肉が食べたい。経産和牛「おけいさん」から始まる和牛ジャーニー,2026-08-31
https://camp-fire.jp/projects/959749,【クシャッと丸めて収納】シルクのように滑らかで超頑丈。米国発 ミニマムエコバッグ,2026-09-29
https://camp-fire.jp/projects/964234,【STARRY×NIGHT】華丘るい生誕祭応援プロジェクト,2026-10-14
https://camp-fire.jp/projects/962422,フリーター、ふるさと島根で特撮ドラマを作りたい！,2026-08-30
https://camp-fire.jp/projects/971899,名古屋で東京の流行を実現。焼きとん導入で大衆酒場をアップデート。,2026-09-29
https://camp-fire.jp/projects/973067,地域の記憶を、次の世代へ手渡すために｜熊本地震に係る被災博物館等の復興支援募金,2026-11-12
https://camp-fire.jp/projects/968629,別府から全国へ！別府の魅力を全国に発信出来る任侠映画アヴァンギャルドを制作します,2026-09-29
https://camp-fire.jp/projects/978415,なでさん初のクラファン限定・完全版写真集「となりのあの人」【後日オフ会開催予定】,2026-10-14
https://camp-fire.jp/projects/965688,もう荷物は探さない、濡らさない。圧倒的に出し入れスムーズ！快適ミニマルバッグ,2026-11-12
https://camp-fire.jp/projects/972923,小栗忠順と幕末の魅力を伝える１冊を全国に届けたい！,2026-09-24
https://camp-fire.jp/projects/957944,圧倒的パワーなのに静音化を実現「場所を選ばない」高圧洗浄機,2026-09-28
https://camp-fire.jp/projects/929456,【岡山】津山市のコーヒースタンド次のステージへ！２つの新たな挑戦,2026-09-28
https://camp-fire.jp/projects/978056,【11年の集大成】カンボジア代表13人と名古屋アジア競技大会へ挑むラストマッチ！,2026-09-25
https://camp-fire.jp/projects/977128,【千葉市水害】町の人の人生と記憶を残す写真・印刷の拠点を再建したい,2026-09-28
https://camp-fire.jp/projects/967065,熊本に夫婦のお菓子屋を。鮮度にこだわるSenD Bake,2026-09-28
https://camp-fire.jp/projects/973638,【祝23歳】NiziUマユカちゃんのお誕生日を一緒にお祝いしましょう！,2026-09-11
https://camp-fire.jp/projects/966138,海士町の歴史文化を題材にした体験型ゲーム「あまーダーミステリー」をつくる！,2026-09-28
https://camp-fire.jp/projects/964905,子どもの成長を加速させる！ 名古屋にアーバンスポーツの聖地を作ります！,2026-10-29
https://camp-fire.jp/projects/967801,【香り×脳科学】0.2秒でシャキッと！「ここぞ」の力を香りの科学で押し上げる,2026-09-28
https://camp-fire.jp/projects/974046,目の前が、巨大スクリーンに。映画もゲームも、どこでも圧倒的な没入体験！,2026-09-28
https://camp-fire.jp/projects/966707,12時間氷が残る。超軽量×大容量。365日タフに使えて折り畳める6層断熱保冷ギア,2026-09-18
https://camp-fire.jp/projects/977429,80代･24時間自由に使える！SA（スーパーエイジャー）の道,2026-10-14
https://camp-fire.jp/projects/906279,特許出願【バリスタ監修】旨みを引き出す二段階温度抽出。２分で極上アイスコーヒーを,2026-09-11
https://camp-fire.jp/projects/979235,Pastel Closet【花木舞花】生誕祭応援プロジェクト,2026-09-24
https://camp-fire.jp/projects/977610,熊本地震から復興し、再びスポーツ選手の笑い声で溢れる合宿所を取り戻すために,2026-09-18
https://camp-fire.jp/projects/979456,PinkySpice【美波海音】誕生祭応援プロジェクト,2026-09-21
https://camp-fire.jp/projects/963605,15年越しの夢。秋保に「時間の余白」を味わうハンバーガー店を。,2026-09-28
https://camp-fire.jp/projects/979262,chuLa【はまちひよ】生誕祭応援プロジェクト,2026-10-09
https://camp-fire.jp/projects/962577,津山駅前に交流スペースを！鉄道ファンや旅人が集う場を、廃屋を解体して作りたい。,2026-09-28
https://camp-fire.jp/projects/974244,【ぶどう棚倒壊からの再建】もう一度この畑から美味しいぶどうを届けたい！,2026-09-23
https://camp-fire.jp/projects/962780,誰でも弾けるスタインウェイ。音楽の輪を未来へつなぐプロジェクト,2026-11-09
https://camp-fire.jp/projects/975264,マイナーガール【双葉いつき生誕祭2026 】応援プロジェクト,2026-09-14
https://camp-fire.jp/projects/973065,便利すぎる時代に、最高に愛おしい“無駄”を。『ものづくり×家族』映画を作りたい！,2026-11-11
https://camp-fire.jp/projects/971462,地域食堂を運営する大学生がみんなの居場所を作るサマーキャンプを今年も実施したい！,2026-09-18
https://camp-fire.jp/projects/948719,【乳がんから復活2年】“今ここにいる”を歌う──ぽらぽら。新アルバム＆記念ライブ,2026-09-18
https://camp-fire.jp/projects/977949,絵本『ぼくはぼく』プロジェクト　そのままの君でいい　違いを認め合える未来のために,2026-10-09
